calibration_ece_change,calibration_ece_clean,calibration_ece_transformed,class_name,count,failure_count,failure_prevalence_among_clean_correct,family,label_consistency,model,normalized_instability_mean,run,seed,severity,transformed_accuracy,unique_source_count
-0.005267746183607423,0.013906822337044657,0.008639076153437234,AnnualCrop,450,4,0.009070294784580499,resolution,0.9755555555555555,resnet50,0.00020685871056241428,resnet50-seed17,17,mild,0.9866666666666667,450
0.41264181931813565,0.002319462961620731,0.41496128227975637,Forest,450,250,0.5567928730512249,resolution,0.4444444444444444,resnet50,0.023880384087791494,resnet50-seed17,17,mild,0.44222222222222224,450
0.019494798580805463,0.015221209261152457,0.03471600784195792,HerbaceousVegetation,450,17,0.03854875283446712,resolution,0.9488888888888889,resnet50,0.0011561042524005488,resnet50-seed17,17,mild,0.9511111111111111,450
0.0011330800851186082,0.010397408962249756,0.011530489047368364,Highway,375,4,0.01078167115902965,resolution,0.984,resnet50,0.00012444444444444444,resnet50-seed17,17,mild,0.9813333333333333,375
0.003497731367746981,0.008938860734303795,0.012436592102050776,Industrial,375,5,0.013440860215053764,resolution,0.9813333333333333,resnet50,0.0003410699588477366,resnet50-seed17,17,mild,0.9813333333333333,375
0.048648719390233394,0.01779738585154218,0.06644610524177558,Pasture,300,21,0.07167235494880546,resolution,0.9166666666666666,resnet50,0.0014526748971193419,resnet50-seed17,17,mild,0.9133333333333333,300
0.2000614271958669,0.01941983477274569,0.2194812619686126,PermanentCrop,375,106,0.2896174863387978,resolution,0.7146666666666667,resnet50,0.0036872427983539098,resnet50-seed17,17,mild,0.696,375
0.1251502772172292,0.0036364250712924307,0.12878670228852165,Residential,450,90,0.20044543429844097,resolution,0.8,resnet50,0.0013750342935528123,resnet50-seed17,17,mild,0.7977777777777778,450
0.009884041865666694,0.015425655206044539,0.025309697071711233,River,375,3,0.008174386920980926,resolution,0.984,resnet50,0.0002357201646090535,resnet50-seed17,17,mild,0.9733333333333334,375
-0.002675635947121467,0.006183664268917486,0.0035080283217960185,SeaLake,450,0,0.0,resolution,0.9955555555555555,resnet50,0.016006584362139916,resnet50-seed17,17,mild,0.9977777777777778,450
0.034019499222437515,0.013906822337044657,0.04792632155948217,AnnualCrop,450,26,0.05895691609977324,resolution,0.9244444444444444,resnet50,0.0050145404663923185,resnet50-seed17,17,moderate,0.94,450
0.9532268242703543,0.002319462961620731,0.9555462872319751,Forest,450,449,1.0,resolution,0.0,resnet50,0.7534875171467764,resnet50-seed17,17,moderate,0.0,450
0.36868641840087046,0.015221209261152457,0.3839076276620229,HerbaceousVegetation,450,213,0.48299319727891155,resolution,0.5066666666666667,resnet50,0.09815912208504801,resnet50-seed17,17,moderate,0.5088888888888888,450
0.11804438296953837,0.010397408962249756,0.12844179193178812,Highway,375,73,0.1967654986522911,resolution,0.8,resnet50,0.013984526748971195,resnet50-seed17,17,moderate,0.7973333333333333,375
0.22956990869839985,0.008938860734303795,0.23850876943270366,Industrial,375,132,0.3548387096774194,resolution,0.64,resnet50,0.02080329218106996,resnet50-seed17,17,moderate,0.6453333333333333,375
0.4290313872694969,0.01779738585154218,0.4468287731210391,Pasture,300,160,0.5460750853242321,resolution,0.44333333333333336,resnet50,0.06480329218106996,resnet50-seed17,17,moderate,0.44333333333333336,300
0.7515456581115725,0.01941983477274569,0.7709654928843181,PermanentCrop,375,317,0.8661202185792349,resolution,0.14666666666666667,resnet50,0.20632296296296299,resnet50-seed17,17,moderate,0.136,375
0.9388242963949839,0.0036364250712924307,0.9424607214662764,Residential,450,446,0.9933184855233853,resolution,0.006666666666666667,resnet50,0.20885816186556927,resnet50-seed17,17,moderate,0.006666666666666667,450
0.1253207222620646,0.015425655206044539,0.1407463774681091,River,375,71,0.19346049046321526,resolution,0.8026666666666666,resnet50,0.015557530864197531,resnet50-seed17,17,moderate,0.792,375
-0.0059181390868292645,0.006183664268917486,0.0002655251820882211,SeaLake,450,0,0.0,resolution,0.9933333333333333,resnet50,0.016723731138545955,resnet50-seed17,17,moderate,1.0,450
0.6351080768638186,0.013906822337044657,0.6490148992008633,AnnualCrop,450,308,0.6984126984126984,resolution,0.29777777777777775,resnet50,0.18757311385459532,resnet50-seed17,17,severe,0.3,450
0.9976801629861196,0.002319462961620731,0.9999996259477404,Forest,450,449,1.0,resolution,0.0,resnet50,0.8923786008230453,resnet50-seed17,17,severe,0.0,450
0.9700257498688168,0.015221209261152457,0.9852469591299693,HerbaceousVegetation,450,441,1.0,resolution,0.0,resnet50,0.8488504801097393,resnet50-seed17,17,severe,0.0,450
0.9544917755126954,0.010397408962249756,0.9648891844749451,Highway,375,371,1.0,resolution,0.0026666666666666666,resnet50,0.7131871604938272,resnet50-seed17,17,severe,0.0,375
0.8543009225527445,0.008938860734303795,0.8632397832870483,Industrial,375,372,1.0,resolution,0.0,resnet50,0.7228174485596707,resnet50-seed17,17,severe,0.0,375
0.9821708701054255,0.01779738585154218,0.9999682559569677,Pasture,300,293,1.0,resolution,0.0,resnet50,0.5198436213991771,resnet50-seed17,17,severe,0.0,300
0.9252038243611655,0.01941983477274569,0.9446236591339112,PermanentCrop,375,366,1.0,resolution,0.0026666666666666666,resnet50,0.9508543209876543,resnet50-seed17,17,severe,0.0,375
0.9577970847818587,0.0036364250712924307,0.9614335098531511,Residential,450,449,1.0,resolution,0.0,resnet50,0.9910117969821673,resnet50-seed17,17,severe,0.0,450
0.9673347460428874,0.015425655206044539,0.9827604012489319,River,375,367,1.0,resolution,0.0,resnet50,0.3261083127572016,resnet50-seed17,17,severe,0.0,375
-0.006151363452275524,0.006183664268917486,3.230081664196138e-05,SeaLake,450,0,0.0,resolution,0.9933333333333333,resnet50,0.013792592592592594,resnet50-seed17,17,severe,1.0,450
0.0003311316172281611,0.013906822337044657,0.014237953954272818,AnnualCrop,450,1,0.0022675736961451248,spectral_appearance,0.9933333333333333,resnet50,1.0973936899862826e-06,resnet50-seed17,17,mild,0.9822222222222222,450
0.002460039191775906,0.002319462961620731,0.004779502153396637,Forest,450,1,0.0022271714922048997,spectral_appearance,0.9977777777777778,resnet50,2.7434842249657065e-06,resnet50-seed17,17,mild,0.9955555555555555,450
0.011752236154344411,0.015221209261152457,0.026973445415496868,HerbaceousVegetation,450,11,0.024943310657596373,spectral_appearance,0.9711111111111111,resnet50,4.938271604938272e-06,resnet50-seed17,17,mild,0.96,450
0.0004944067001343387,0.010397408962249756,0.010891815662384095,Highway,375,1,0.0026954177897574125,spectral_appearance,0.9973333333333333,resnet50,3.2921810699588475e-06,resnet50-seed17,17,mild,0.9866666666666667,375
0.004400839169820148,0.008938860734303795,0.013339699904123942,Industrial,375,2,0.005376344086021506,spectral_appearance,0.9946666666666667,resnet50,0.0,resnet50-seed17,17,mild,0.9866666666666667,375
-0.0015618926286697435,0.01779738585154218,0.016235493222872436,Pasture,300,0,0.0,spectral_appearance,0.9966666666666667,resnet50,0.0,resnet50-seed17,17,mild,0.98,300
0.030494947433471746,0.01941983477274569,0.04991478220621744,PermanentCrop,375,14,0.03825136612021858,spectral_appearance,0.96,resnet50,7.901234567901235e-06,resnet50-seed17,17,mild,0.9413333333333334,375
-0.0006250154972075907,0.0036364250712924307,0.00301140957408484,Residential,450,0,0.0,spectral_appearance,0.9977777777777778,resnet50,1.0973936899862826e-06,resnet50-seed17,17,mild,1.0,450
-0.008890679836273261,0.015425655206044539,0.006534975369771279,River,375,1,0.0027247956403269754,spectral_appearance,0.9866666666666667,resnet50,0.0,resnet50-seed17,17,mild,0.9866666666666667,375
-0.000539787477917106,0.006183664268917486,0.00564387679100038,SeaLake,450,0,0.0,spectral_appearance,1.0,resnet50,0.0,resnet50-seed17,17,mild,0.9933333333333333,450
0.004334776798884022,0.013906822337044657,0.01824159913592868,AnnualCrop,450,2,0.0045351473922902496,spectral_appearance,0.9911111111111112,resnet50,2.3593964334705075e-05,resnet50-seed17,17,moderate,0.98,450
0.010255035294426779,0.002319462961620731,0.01257449825604751,Forest,450,4,0.008908685968819599,spectral_appearance,0.9911111111111112,resnet50,0.00032482853223593966,resnet50-seed17,17,moderate,0.9888888888888889,450
0.04121519419882043,0.015221209261152457,0.05643640345997289,HerbaceousVegetation,450,23,0.05215419501133787,spectral_appearance,0.9444444444444444,resnet50,0.00039725651577503425,resnet50-seed17,17,moderate,0.9333333333333333,450
0.018845820585886602,0.010397408962249756,0.02924322954813636,Highway,375,11,0.029649595687331536,spectral_appearance,0.968,resnet50,0.00013300411522633744,resnet50-seed17,17,moderate,0.96,375
0.012377572774887099,0.008938860734303795,0.021316433509190894,Industrial,375,10,0.026881720430107527,spectral_appearance,0.9733333333333334,resnet50,8.62551440329218e-05,resnet50-seed17,17,moderate,0.9653333333333334,375
0.0012136390805244299,0.01779738585154218,0.01901102493206661,Pasture,300,2,0.006825938566552901,spectral_appearance,0.9866666666666667,resnet50,8.23045267489712e-07,resnet50-seed17,17,moderate,0.9733333333333334,300
0.046081079244613805,0.01941983477274569,0.0655009140173595,PermanentCrop,375,26,0.07103825136612021,spectral_appearance,0.92,resnet50,0.00023769547325102884,resnet50-seed17,17,moderate,0.9146666666666666,375
0.0022713441318935514,0.0036364250712924307,0.005907769203185982,Residential,450,5,0.011135857461024499,spectral_appearance,0.9866666666666667,resnet50,0.00010150891632373113,resnet50-seed17,17,moderate,0.9888888888888889,450
-0.004216640631357845,0.015425655206044539,0.011209014574686694,River,375,1,0.0027247956403269754,spectral_appearance,0.9866666666666667,resnet50,1.3168724279835392e-06,resnet50-seed17,17,moderate,0.9866666666666667,375
0.002440073357688071,0.006183664268917486,0.008623737626605557,SeaLake,450,2,0.0044742729306487695,spectral_appearance,0.9955555555555555,resnet50,1.0425240054869684e-05,resnet50-seed17,17,moderate,0.9888888888888889,450
0.006385044919119875,0.013906822337044657,0.020291867256164532,AnnualCrop,450,7,0.015873015873015872,spectral_appearance,0.9777777777777777,resnet50,0.00033415637860082306,resnet50-seed17,17,severe,0.9711111111111111,450
0.06375804430908634,0.002319462961620731,0.06607750727070708,Forest,450,39,0.08685968819599109,spectral_appearance,0.9111111111111111,resnet50,0.005406858710562414,resnet50-seed17,17,severe,0.9111111111111111,450
0.08721003201272755,0.015221209261152457,0.10243124127388001,HerbaceousVegetation,450,57,0.1292517006802721,spectral_appearance,0.8688888888888889,resnet50,0.010897119341563786,resnet50-seed17,17,severe,0.8555555555555555,450
0.102021723985672,0.010397408962249756,0.11241913294792175,Highway,375,55,0.14824797843665768,spectral_appearance,0.8506666666666667,resnet50,0.0045853497942386825,resnet50-seed17,17,severe,0.8426666666666667,375
0.07810527952512102,0.008938860734303795,0.08704414025942481,Industrial,375,46,0.12365591397849462,spectral_appearance,0.8773333333333333,resnet50,0.002986666666666667,resnet50-seed17,17,severe,0.8693333333333333,375
0.023528097172578203,0.01779738585154218,0.04132548302412038,Pasture,300,12,0.040955631399317405,spectral_appearance,0.95,resnet50,0.000762962962962963,resnet50-seed17,17,severe,0.9433333333333334,300
0.10812613852818811,0.01941983477274569,0.1275459733009338,PermanentCrop,375,52,0.14207650273224043,spectral_appearance,0.8506666666666667,resnet50,0.006501399176954732,resnet50-seed17,17,severe,0.8426666666666667,375
0.05117500444253281,0.0036364250712924307,0.05481142951382524,Residential,450,37,0.08240534521158129,spectral_appearance,0.9155555555555556,resnet50,0.004666666666666667,resnet50-seed17,17,severe,0.9155555555555556,450
0.0027768182754516896,0.015425655206044539,0.01820247348149623,River,375,5,0.013623978201634877,spectral_appearance,0.9733333333333334,resnet50,0.00012049382716049385,resnet50-seed17,17,severe,0.9786666666666667,375
-0.0006914002365536118,0.006183664268917486,0.005492264032363874,SeaLake,450,2,0.0044742729306487695,spectral_appearance,0.9955555555555555,resnet50,0.0003939643347050754,resnet50-seed17,17,severe,0.9888888888888889,450
0.0015726391474405205,0.013906822337044657,0.015479461484485178,AnnualCrop,450,2,0.0045351473922902496,texture,0.9911111111111112,resnet50,1.0973936899862826e-06,resnet50-seed17,17,mild,0.98,450
-0.0003172037336561331,0.002319462961620731,0.002002259227964598,Forest,450,0,0.0,texture,1.0,resnet50,0.0,resnet50-seed17,17,mild,0.9977777777777778,450
0.002673322227266097,0.015221209261152457,0.017894531488418554,HerbaceousVegetation,450,0,0.0,texture,0.9977777777777778,resnet50,1.0973936899862826e-06,resnet50-seed17,17,mild,0.9822222222222222,450
-0.0021533700625102105,0.010397408962249756,0.008244038899739545,Highway,375,0,0.0,texture,0.9973333333333333,resnet50,0.0,resnet50-seed17,17,mild,0.9893333333333333,375
-0.0021231791178385542,0.008938860734303795,0.0068156816164652405,Industrial,375,1,0.002688172043010753,texture,0.9946666666666667,resnet50,0.0,resnet50-seed17,17,mild,0.992,375
0.0032640655835468983,0.01779738585154218,0.021061451435089078,Pasture,300,0,0.0,texture,1.0,resnet50,0.0,resnet50-seed17,17,mild,0.9766666666666667,300
-0.006231802781422817,0.01941983477274569,0.013188031991322874,PermanentCrop,375,0,0.0,texture,0.9893333333333333,resnet50,0.0,resnet50-seed17,17,mild,0.9866666666666667,375
-0.000902124245961458,0.0036364250712924307,0.0027343008253309727,Residential,450,0,0.0,texture,1.0,resnet50,0.0,resnet50-seed17,17,mild,0.9977777777777778,450
0.007509231090545715,0.015425655206044539,0.022934886296590254,River,375,3,0.008174386920980926,texture,0.9893333333333333,resnet50,1.9753086419753087e-06,resnet50-seed17,17,mild,0.9733333333333334,375
0.0003853662808736228,0.006183664268917486,0.0065690305497911085,SeaLake,450,0,0.0,texture,1.0,resnet50,3.2921810699588475e-06,resnet50-seed17,17,mild,0.9933333333333333,450
0.006079610122574677,0.013906822337044657,0.019986432459619334,AnnualCrop,450,4,0.009070294784580499,texture,0.9866666666666667,resnet50,7.133058984910837e-05,resnet50-seed17,17,moderate,0.9755555555555555,450
-0.000477226972579955,0.002319462961620731,0.001842235989040776,Forest,450,0,0.0,texture,1.0,resnet50,1.0973936899862826e-06,resnet50-seed17,17,moderate,0.9977777777777778,450
0.0029614981015523185,0.015221209261152457,0.018182707362704775,HerbaceousVegetation,450,5,0.011337868480725623,texture,0.9822222222222222,resnet50,0.00019588477366255143,resnet50-seed17,17,moderate,0.9755555555555555,450
-0.0010148318608602363,0.010397408962249756,0.00938257710138952,Highway,375,0,0.0,texture,0.9946666666666667,resnet50,2.962962962962963e-05,resnet50-seed17,17,moderate,0.992,375
-0.0034176974296569263,0.008938860734303795,0.0055211633046468684,Industrial,375,2,0.005376344086021506,texture,0.992,resnet50,5.267489711934157e-06,resnet50-seed17,17,moderate,0.9893333333333333,375
0.0003364678223926852,0.01779738585154218,0.018133853673934865,Pasture,300,0,0.0,texture,1.0,resnet50,1.0699588477366257e-05,resnet50-seed17,17,moderate,0.9766666666666667,300
-0.010078575134277295,0.01941983477274569,0.009341259638468396,PermanentCrop,375,1,0.00273224043715847,texture,0.9813333333333333,resnet50,9.876543209876545e-06,resnet50-seed17,17,moderate,0.9893333333333333,375
-0.003036591079499981,0.0036364250712924307,0.0005998339917924494,Residential,450,0,0.0,texture,0.9977777777777778,resnet50,0.0,resnet50-seed17,17,moderate,1.0,450
0.056094095468521066,0.015425655206044539,0.0715197506745656,River,375,39,0.10626702997275204,texture,0.8906666666666667,resnet50,0.001447901234567901,resnet50-seed17,17,moderate,0.88,375
0.007849886682298501,0.006183664268917486,0.014033550951215987,SeaLake,450,5,0.011185682326621925,texture,0.9888888888888889,resnet50,0.00039176954732510287,resnet50-seed17,17,moderate,0.9822222222222222,450
0.016696396801206832,0.013906822337044657,0.030603219138251488,AnnualCrop,450,14,0.031746031746031744,texture,0.9577777777777777,resnet50,0.0012801097393689985,resnet50-seed17,17,severe,0.9577777777777777,450
-0.0022195514043172417,0.002319462961620731,9.991155730348922e-05,Forest,450,0,0.0,texture,0.9977777777777778,resnet50,1.9753086419753087e-05,resnet50-seed17,17,severe,1.0,450
0.03016172250111902,0.015221209261152457,0.045382931762271476,HerbaceousVegetation,450,22,0.049886621315192746,texture,0.94,resnet50,0.0033064471879286693,resnet50-seed17,17,severe,0.94,450
0.022724489847819024,0.010397408962249756,0.03312189881006878,Highway,375,16,0.0431266846361186,texture,0.952,resnet50,0.0006248559670781892,resnet50-seed17,17,severe,0.9493333333333334,375
0.015595289389292406,0.008938860734303795,0.0245341501235962,Industrial,375,14,0.03763440860215054,texture,0.96,resnet50,7.57201646090535e-05,resnet50-seed17,17,severe,0.9573333333333334,375
0.007617153326670224,0.01779738585154218,0.025414539178212403,Pasture,300,5,0.017064846416382253,texture,0.9766666666666667,resnet50,0.0002740740740740741,resnet50-seed17,17,severe,0.9666666666666667,300
0.001505624135335372,0.01941983477274569,0.020925458908081063,PermanentCrop,375,9,0.02459016393442623,texture,0.96,resnet50,0.00013168724279835392,resnet50-seed17,17,severe,0.968,375
-0.0035941742526160603,0.0036364250712924307,4.225081867637037e-05,Residential,450,0,0.0,texture,0.9977777777777778,resnet50,1.207133058984911e-05,resnet50-seed17,17,severe,1.0,450
0.1665949041048685,0.015425655206044539,0.18202055931091304,River,375,108,0.29427792915531337,texture,0.704,resnet50,0.011880164609053499,resnet50-seed17,17,severe,0.696,375
0.013655137883292387,0.006183664268917486,0.019838802152209872,SeaLake,450,11,0.024608501118568233,texture,0.9733333333333334,resnet50,0.0012971193415637862,resnet50-seed17,17,severe,0.9711111111111111,450
-0.001353187428580413,0.005200930171542734,0.0038477427429623214,AnnualCrop,450,1,0.002242152466367713,resolution,0.9888888888888889,resnet50,0.00013882030178326475,resnet50-seed29,29,mild,0.9977777777777778,450
0.28906517260604436,0.002521454228295268,0.2915866268343396,Forest,450,181,0.40311804008908686,resolution,0.5977777777777777,resnet50,0.019878737997256514,resnet50-seed29,29,mild,0.5955555555555555,450
0.016251202821731554,0.029302742481231683,0.045553945302963236,HerbaceousVegetation,450,23,0.052873563218390804,resolution,0.9288888888888889,resnet50,0.0008120713305898493,resnet50-seed29,29,mild,0.9311111111111111,450
0.019064064423243144,0.00760494629542034,0.026669010718663483,Highway,375,13,0.03504043126684636,resolution,0.9626666666666667,resnet50,5.925925925925925e-05,resnet50-seed29,29,mild,0.9573333333333334,375
0.0010187505086263152,0.0057096781730652,0.006728428681691516,Industrial,375,0,0.0,resolution,0.9973333333333333,resnet50,4.3456790123456786e-05,resnet50-seed29,29,mild,0.9973333333333333,375
0.039245136976242045,0.02104067802429203,0.06028581500053407,Pasture,300,20,0.06872852233676977,resolution,0.9233333333333333,resnet50,0.00122880658436214,resnet50-seed29,29,mild,0.91,300
0.1477952109972636,0.020720154603322362,0.16851536560058594,PermanentCrop,375,76,0.20821917808219179,resolution,0.7946666666666666,resnet50,0.0011114403292181072,resnet50-seed29,29,mild,0.7733333333333333,375
0.09161134613884821,0.011642247173521261,0.10325359331236947,Residential,450,65,0.14672686230248308,resolution,0.8533333333333334,resnet50,0.0006386831275720166,resnet50-seed29,29,mild,0.84,450
0.007868081410725916,0.012438422997792542,0.020306504408518458,River,375,8,0.0215633423180593,resolution,0.976,resnet50,0.00038123456790123455,resnet50-seed29,29,mild,0.9706666666666667,375
0.0333003118303088,0.003846578465567624,0.03714689029587642,SeaLake,450,29,0.0645879732739421,resolution,0.9355555555555556,resnet50,0.03257119341563786,resnet50-seed29,29,mild,0.9333333333333333,450
0.013986257579591578,0.005200930171542734,0.019187187751134312,AnnualCrop,450,9,0.020179372197309416,resolution,0.9711111111111111,resnet50,0.004510836762688614,resnet50-seed29,29,moderate,0.98,450
0.9436271359523136,0.002521454228295268,0.9461485901806089,Forest,450,448,0.9977728285077951,resolution,0.0022222222222222222,resnet50,0.7022875171467765,resnet50-seed29,29,moderate,0.0022222222222222222,450
0.35450819035371145,0.029302742481231683,0.3838109328349431,HerbaceousVegetation,450,207,0.47586206896551725,resolution,0.5088888888888888,resnet50,0.12014156378600822,resnet50-seed29,29,moderate,0.5155555555555555,450
0.19734263602892552,0.00760494629542034,0.20494758232434584,Highway,375,105,0.2830188679245283,resolution,0.7173333333333334,resnet50,0.01537909465020576,resnet50-seed29,29,moderate,0.7093333333333334,375
0.1020861461162567,0.0057096781730652,0.1077958242893219,Industrial,375,68,0.18230563002680966,resolution,0.816,resnet50,0.010405267489711933,resnet50-seed29,29,moderate,0.816,375
0.3313642565409342,0.02104067802429203,0.35240493456522626,Pasture,300,140,0.48109965635738833,resolution,0.5166666666666667,resnet50,0.07430370370370372,resnet50-seed29,29,moderate,0.5033333333333333,300
0.6747483064333598,0.020720154603322362,0.6954684610366821,PermanentCrop,375,287,0.7863013698630137,resolution,0.22666666666666666,resnet50,0.09798716049382715,resnet50-seed29,29,moderate,0.21066666666666667,375
0.8762458307875527,0.011642247173521261,0.8878880779610739,Residential,450,434,0.9796839729119639,resolution,0.02666666666666667,resnet50,0.21446803840877915,resnet50-seed29,29,moderate,0.02,450
0.07440393765767411,0.012438422997792542,0.08684236065546666,River,375,53,0.14285714285714285,resolution,0.8533333333333334,resnet50,0.017372839506172837,resnet50-seed29,29,moderate,0.8506666666666667,375
0.23772019863128668,0.003846578465567624,0.2415667770968543,SeaLake,450,216,0.48106904231625836,resolution,0.5177777777777778,resnet50,0.15893552812071332,resnet50-seed29,29,moderate,0.52,450
0.2326413110229704,0.005200930171542734,0.23784224119451314,AnnualCrop,450,157,0.35201793721973096,resolution,0.6422222222222222,resnet50,0.1038474622770919,resnet50-seed29,29,severe,0.6466666666666666,450
0.7441147643989986,0.002521454228295268,0.7466362186272939,Forest,450,449,1.0,resolution,0.0,resnet50,0.9226655692729767,resnet50-seed29,29,severe,0.0,450
0.9218541142675613,0.029302742481231683,0.9511568567487929,HerbaceousVegetation,450,435,1.0,resolution,0.0,resnet50,0.9327764060356653,resnet50-seed29,29,severe,0.0,450
0.8690506920019786,0.00760494629542034,0.8766556382973989,Highway,375,371,1.0,resolution,0.0,resnet50,0.536706502057613,resnet50-seed29,29,severe,0.0,375
0.858591461499532,0.0057096781730652,0.8643011396725973,Industrial,375,373,1.0,resolution,0.0,resnet50,0.5104375308641975,resnet50-seed29,29,severe,0.0,375
0.882113419075807,0.02104067802429203,0.903154097100099,Pasture,300,291,1.0,resolution,0.0033333333333333335,resnet50,0.5218345679012346,resnet50-seed29,29,severe,0.0,300
0.8606988972028097,0.020720154603322362,0.881419051806132,PermanentCrop,375,365,1.0,resolution,0.008,resnet50,0.8369362962962963,resnet50-seed29,29,severe,0.0,375
0.9127553611331515,0.011642247173521261,0.9243976083066727,Residential,450,443,1.0,resolution,0.0,resnet50,0.9752641975308642,resnet50-seed29,29,severe,0.0,450
0.7906121360460918,0.012438422997792542,0.8030505590438843,River,375,347,0.9353099730458221,resolution,0.06666666666666667,resnet50,0.1937172016460905,resnet50-seed29,29,severe,0.064,375
0.7271618020534517,0.003846578465567624,0.7310083805190193,SeaLake,450,387,0.8619153674832962,resolution,0.13777777777777778,resnet50,0.24827599451303153,resnet50-seed29,29,severe,0.14,450
0.001999919944339335,0.005200930171542734,0.0072008501158820695,AnnualCrop,450,2,0.004484304932735426,spectral_appearance,0.9911111111111112,resnet50,0.0,resnet50-seed29,29,mild,0.9911111111111112,450
0.002274718152152104,0.002521454228295268,0.004796172380447372,Forest,450,1,0.0022271714922048997,spectral_appearance,0.9977777777777778,resnet50,5.486968449931413e-06,resnet50-seed29,29,mild,0.9955555555555555,450
0.008500829537709632,0.029302742481231683,0.037803572018941314,HerbaceousVegetation,450,10,0.022988505747126436,spectral_appearance,0.9711111111111111,resnet50,1.646090534979424e-06,resnet50-seed29,29,mild,0.9511111111111111,450
0.0069365461667379455,0.00760494629542034,0.014541492462158285,Highway,375,3,0.008086253369272238,spectral_appearance,0.992,resnet50,0.0,resnet50-seed29,29,mild,0.9813333333333333,375
0.004555596669514939,0.0057096781730652,0.010265274842580139,Industrial,375,3,0.00804289544235925,spectral_appearance,0.992,resnet50,0.0,resnet50-seed29,29,mild,0.9866666666666667,375
-0.0013816289107004796,0.02104067802429203,0.01965904911359155,Pasture,300,0,0.0,spectral_appearance,0.99,resnet50,0.0,resnet50-seed29,29,mild,0.9766666666666667,300
0.00413172054290762,0.020720154603322362,0.024851875146229982,PermanentCrop,375,8,0.021917808219178082,spectral_appearance,0.968,resnet50,1.3168724279835392e-06,resnet50-seed29,29,mild,0.9626666666666667,375
0.0010423031118181637,0.011642247173521261,0.012684550285339425,Residential,450,0,0.0,spectral_appearance,1.0,resnet50,0.0,resnet50-seed29,29,mild,0.9844444444444445,450
-0.0036554616292317575,0.012438422997792542,0.008782961368560785,River,375,0,0.0,spectral_appearance,1.0,resnet50,0.0,resnet50-seed29,29,mild,0.9893333333333333,375
0.0005748530228932968,0.003846578465567624,0.004421431488460921,SeaLake,450,0,0.0,spectral_appearance,1.0,resnet50,0.0,resnet50-seed29,29,mild,0.9977777777777778,450
0.006408759752909363,0.005200930171542734,0.011609689924452098,AnnualCrop,450,4,0.008968609865470852,spectral_appearance,0.9866666666666667,resnet50,4.38957475994513e-06,resnet50-seed29,29,moderate,0.9866666666666667,450
0.009310886197619907,0.002521454228295268,0.011832340425915175,Forest,450,5,0.011135857461024499,spectral_appearance,0.9888888888888889,resnet50,0.0012806584362139919,resnet50-seed29,29,moderate,0.9866666666666667,450
0.024007230599721246,0.029302742481231683,0.05330997308095293,HerbaceousVegetation,450,21,0.04827586206896552,spectral_appearance,0.9444444444444444,resnet50,0.00015473251028806583,resnet50-seed29,29,moderate,0.9288888888888889,450
0.024034622430801383,0.00760494629542034,0.03163956872622172,Highway,375,11,0.029649595687331536,spectral_appearance,0.968,resnet50,7.506172839506173e-05,resnet50-seed29,29,moderate,0.96,375
0.015675794124603237,0.0057096781730652,0.021385472297668438,Industrial,375,11,0.029490616621983913,spectral_appearance,0.9706666666666667,resnet50,1.382716049382716e-05,resnet50-seed29,29,moderate,0.9653333333333334,375
-0.004264415701230366,0.02104067802429203,0.016776262323061664,Pasture,300,1,0.003436426116838488,spectral_appearance,0.9866666666666667,resnet50,4.11522633744856e-06,resnet50-seed29,29,moderate,0.9733333333333334,300
0.04349103275934856,0.020720154603322362,0.06421118736267092,PermanentCrop,375,23,0.06301369863013699,spectral_appearance,0.9253333333333333,resnet50,0.00019358024691358027,resnet50-seed29,29,moderate,0.9253333333333333,375
0.00280711531639098,0.011642247173521261,0.014449362489912241,Residential,450,2,0.004514672686230248,spectral_appearance,0.9888888888888889,resnet50,3.401920438957476e-05,resnet50-seed29,29,moderate,0.9844444444444445,450
-0.0033081412315367972,0.012438422997792542,0.009130281766255745,River,375,2,0.005390835579514825,spectral_appearance,0.9866666666666667,resnet50,1.9753086419753087e-06,resnet50-seed29,29,moderate,0.992,375
0.0018532991409302936,0.003846578465567624,0.005699877606497918,SeaLake,450,2,0.004454342984409799,spectral_appearance,0.9955555555555555,resnet50,1.646090534979424e-06,resnet50-seed29,29,moderate,0.9933333333333333,450
0.03641797880331665,0.005200930171542734,0.04161890897485939,AnnualCrop,450,19,0.042600896860986545,spectral_appearance,0.9555555555555556,resnet50,0.00043127572016460905,resnet50-seed29,29,severe,0.9511111111111111,450
0.05391727493868923,0.002521454228295268,0.0564387291669845,Forest,450,29,0.0645879732739421,spectral_appearance,0.9333333333333333,resnet50,0.005306447187928669,resnet50-seed29,29,severe,0.9333333333333333,450
0.08801754203107623,0.029302742481231683,0.11732028451230792,HerbaceousVegetation,450,60,0.13793103448275862,spectral_appearance,0.8555555555555555,resnet50,0.006936076817558298,resnet50-seed29,29,severe,0.8444444444444444,450
0.0687412347793579,0.00760494629542034,0.07634618107477824,Highway,375,39,0.10512129380053908,spectral_appearance,0.8933333333333333,resnet50,0.0022755555555555554,resnet50-seed29,29,severe,0.8853333333333333,375
0.06890801016489662,0.0057096781730652,0.07461768833796181,Industrial,375,41,0.10991957104557641,spectral_appearance,0.8853333333333333,resnet50,0.0017922633744855967,resnet50-seed29,29,severe,0.8906666666666667,375
0.02896196216344826,0.02104067802429203,0.05000264018774029,Pasture,300,10,0.03436426116838488,spectral_appearance,0.9533333333333334,resnet50,0.0018757201646090534,resnet50-seed29,29,severe,0.94,300
0.07943387365341184,0.020720154603322362,0.1001540282567342,PermanentCrop,375,44,0.12054794520547946,spectral_appearance,0.8666666666666667,resnet50,0.004461563786008231,resnet50-seed29,29,severe,0.872,375
0.03992304007212313,0.011642247173521261,0.05156528724564439,Residential,450,29,0.0654627539503386,spectral_appearance,0.9244444444444444,resnet50,0.0014836762688614541,resnet50-seed29,29,severe,0.9288888888888889,450
0.0013720372517904492,0.012438422997792542,0.013810460249582992,River,375,7,0.018867924528301886,spectral_appearance,0.9733333333333334,resnet50,0.00015209876543209876,resnet50-seed29,29,severe,0.9786666666666667,375
0.007802484830220644,0.003846578465567624,0.011649063295788268,SeaLake,450,7,0.015590200445434299,spectral_appearance,0.9844444444444445,resnet50,0.0002770919067215363,resnet50-seed29,29,severe,0.9822222222222222,450
0.0030189783043331926,0.005200930171542734,0.008219908475875927,AnnualCrop,450,2,0.004484304932735426,texture,0.9933333333333333,resnet50,0.0,resnet50-seed29,29,mild,0.9888888888888889,450
0.00021190934711029247,0.002521454228295268,0.0027333635754055604,Forest,450,0,0.0,texture,1.0,resnet50,0.0,resnet50-seed29,29,mild,0.9977777777777778,450
-0.002161116864946123,0.029302742481231683,0.02714162561628556,HerbaceousVegetation,450,1,0.0022988505747126436,texture,0.9955555555555555,resnet50,0.0,resnet50-seed29,29,mild,0.9666666666666667,450
0.0028737235069275337,0.00760494629542034,0.010478669802347873,Highway,375,1,0.0026954177897574125,texture,0.9946666666666667,resnet50,0.0,resnet50-seed29,29,mild,0.9866666666666667,375
-0.0023468662897745416,0.0057096781730652,0.0033628118832906588,Industrial,375,0,0.0,texture,0.9973333333333333,resnet50,0.0,resnet50-seed29,29,mild,0.9973333333333333,375
0.003958517611026696,0.02104067802429203,0.024999195635318727,Pasture,300,1,0.003436426116838488,texture,0.9866666666666667,resnet50,0.0,resnet50-seed29,29,mild,0.97,300
-0.00395522499084474,0.020720154603322362,0.016764929612477622,PermanentCrop,375,1,0.0027397260273972603,texture,0.984,resnet50,0.0,resnet50-seed29,29,mild,0.984,375
-0.0029494232601590155,0.011642247173521261,0.008692823913362246,Residential,450,0,0.0,texture,0.9933333333333333,resnet50,0.0,resnet50-seed29,29,mild,0.9911111111111112,450
0.0004951868057250994,0.012438422997792542,0.012933609803517642,River,375,2,0.005390835579514825,texture,0.9946666666666667,resnet50,0.0,resnet50-seed29,29,mild,0.984,375
-0.0001265858279334061,0.003846578465567624,0.003719992637634218,SeaLake,450,1,0.0022271714922048997,texture,0.9977777777777778,resnet50,2.194787379972565e-06,resnet50-seed29,29,mild,0.9955555555555555,450
0.008548773792054837,0.005200930171542734,0.013749703963597572,AnnualCrop,450,8,0.017937219730941704,texture,0.98,resnet50,0.0001728395061728395,resnet50-seed29,29,moderate,0.9755555555555555,450
-0.00033511877059936527,0.002521454228295268,0.0021863354576959026,Forest,450,1,0.0022271714922048997,texture,0.9955555555555555,resnet50,5.486968449931413e-07,resnet50-seed29,29,moderate,0.9977777777777778,450
-0.0036996891763475363,0.029302742481231683,0.025603053304884146,HerbaceousVegetation,450,7,0.016091954022988506,texture,0.9755555555555555,resnet50,6.364883401920439e-05,resnet50-seed29,29,moderate,0.96,450
0.0027639972368876274,0.00760494629542034,0.010368943532307967,Highway,375,2,0.005390835579514825,texture,0.9893333333333333,resnet50,1.1193415637860082e-05,resnet50-seed29,29,moderate,0.9893333333333333,375
0.0010330948829650258,0.0057096781730652,0.006742773056030226,Industrial,375,2,0.005361930294906166,texture,0.992,resnet50,0.0,resnet50-seed29,29,moderate,0.992,375
0.0013684357206026204,0.02104067802429203,0.02240911374489465,Pasture,300,1,0.003436426116838488,texture,0.9833333333333333,resnet50,2.469135802469136e-06,resnet50-seed29,29,moderate,0.9733333333333334,300
-0.00784653838475544,0.020720154603322362,0.012873616218566922,PermanentCrop,375,2,0.005479452054794521,texture,0.9813333333333333,resnet50,1.9753086419753087e-06,resnet50-seed29,29,moderate,0.9813333333333333,375
-0.006919216579861153,0.011642247173521261,0.0047230305936601085,Residential,450,0,0.0,texture,0.9888888888888889,resnet50,0.0,resnet50-seed29,29,moderate,0.9955555555555555,450
0.0316668512026469,0.012438422997792542,0.04410527420043944,River,375,21,0.05660377358490566,texture,0.9413333333333334,resnet50,0.0002699588477366256,resnet50-seed29,29,moderate,0.9333333333333333,375
0.024339447418848706,0.003846578465567624,0.028186025884416332,SeaLake,450,15,0.0334075723830735,texture,0.9666666666666667,resnet50,0.0006787379972565158,resnet50-seed29,29,moderate,0.9644444444444444,450
0.0300422151883443,0.005200930171542734,0.03524314535988703,AnnualCrop,450,24,0.053811659192825115,texture,0.9444444444444444,resnet50,0.0019824417009602193,resnet50-seed29,29,severe,0.94,450
-0.001307944324281537,0.002521454228295268,0.0012135099040137308,Forest,450,0,0.0,texture,0.9977777777777778,resnet50,1.646090534979424e-05,resnet50-seed29,29,severe,1.0,450
0.023272777729564268,0.029302742481231683,0.05257552021079595,HerbaceousVegetation,450,26,0.059770114942528735,texture,0.9222222222222223,resnet50,0.0016888888888888889,resnet50-seed29,29,severe,0.9244444444444444,450
0.02514821664492291,0.00760494629542034,0.03275316294034325,Highway,375,22,0.05929919137466307,texture,0.936,resnet50,0.0010403292181069958,resnet50-seed29,29,severe,0.936,375
0.006854632536570249,0.0057096781730652,0.01256431070963545,Industrial,375,8,0.021447721179624665,texture,0.976,resnet50,4.3456790123456786e-05,resnet50-seed29,29,severe,0.976,375
0.01317905495564137,0.02104067802429203,0.0342197329799334,Pasture,300,7,0.024054982817869417,texture,0.96,resnet50,0.00014650205761316873,resnet50-seed29,29,severe,0.9566666666666667,300
-0.007230538686116592,0.020720154603322362,0.01348961591720577,PermanentCrop,375,3,0.00821917808219178,texture,0.9706666666666667,resnet50,8.88888888888889e-05,resnet50-seed29,29,severe,0.984,375
-0.011010994646284326,0.011642247173521261,0.0006312525272369346,Residential,450,0,0.0,texture,0.9844444444444445,resnet50,1.3717421124828532e-05,resnet50-seed29,29,severe,1.0,450
0.13238074429829913,0.012438422997792542,0.14481916729609168,River,375,85,0.22911051212938005,texture,0.7706666666666667,resnet50,0.005089711934156379,resnet50-seed29,29,severe,0.7626666666666667,375
0.04257018168767306,0.003846578465567624,0.046416760153240685,SeaLake,450,28,0.062360801781737196,texture,0.9377777777777778,resnet50,0.0025832647462277094,resnet50-seed29,29,severe,0.9355555555555556,450
0.004273915290832499,0.005316071377860121,0.00958998666869262,AnnualCrop,450,3,0.006711409395973154,resolution,0.9866666666666667,resnet50,0.0003209876543209877,resnet50-seed43,43,mild,0.9933333333333333,450
0.3193236525853475,0.004478012455834281,0.3238016650411818,Forest,450,190,0.42410714285714285,resolution,0.5777777777777777,resnet50,0.03715226337448559,resnet50-seed43,43,mild,0.5733333333333334,450
0.03811813089582645,0.019113188319736102,0.05723131921556255,HerbaceousVegetation,450,29,0.06561085972850679,resolution,0.9266666666666666,resnet50,0.004668861454046639,resnet50-seed43,43,mild,0.9222222222222223,450
0.0029969966411589923,0.01749109315872193,0.020488089799880923,Highway,375,6,0.016304347826086956,resolution,0.976,resnet50,0.00011654320987654321,resnet50-seed43,43,mild,0.9706666666666667,375
0.011822041273117036,0.007897854487101215,0.01971989576021825,Industrial,375,6,0.016172506738544475,resolution,0.976,resnet50,9.08641975308642e-05,resnet50-seed43,43,mild,0.976,375
0.07532774696747463,0.022279604077339178,0.0976073510448138,Pasture,300,35,0.11986301369863013,resolution,0.8666666666666667,resnet50,0.0039045267489711934,resnet50-seed43,43,mild,0.8633333333333333,300
0.257155679543813,0.030209025382995656,0.28736470492680866,PermanentCrop,375,129,0.35833333333333334,resolution,0.6453333333333333,resnet50,0.005747489711934156,resnet50-seed43,43,mild,0.6186666666666667,375
0.03434720542695783,0.005347856548097443,0.03969506197505527,Residential,450,32,0.07158836689038031,resolution,0.9288888888888889,resnet50,0.0012071330589849107,resnet50-seed43,43,mild,0.9222222222222223,450
0.011242685397465948,0.008765933593114266,0.020008618990580214,River,375,8,0.021505376344086023,resolution,0.9786666666666667,resnet50,0.0011265843621399178,resnet50-seed43,43,mild,0.9706666666666667,375
-0.003802548911836359,0.00544827792379589,0.0016457290119595313,SeaLake,450,0,0.0,resolution,0.9933333333333333,resnet50,0.03412235939643347,resnet50-seed43,43,mild,1.0,450
0.042377726899253065,0.005316071377860121,0.04769379827711319,AnnualCrop,450,24,0.053691275167785234,resolution,0.94,resnet50,0.011281755829903978,resnet50-seed43,43,moderate,0.9466666666666667,450
0.9448020019796161,0.004478012455834281,0.9492800144354503,Forest,450,448,1.0,resolution,0.0044444444444444444,resnet50,0.8719429355281207,resnet50-seed43,43,moderate,0.0,450
0.5843639653921128,0.019113188319736102,0.6034771537118488,HerbaceousVegetation,450,315,0.7126696832579186,resolution,0.2822222222222222,resnet50,0.22633909465020577,resnet50-seed43,43,moderate,0.2822222222222222,450
0.18508715677261348,0.01749109315872193,0.2025782499313354,Highway,375,97,0.26358695652173914,resolution,0.7253333333333334,resnet50,0.023056460905349796,resnet50-seed43,43,moderate,0.7306666666666667,375
0.21148207489649462,0.007897854487101215,0.21937992938359582,Industrial,375,117,0.31536388140161725,resolution,0.6773333333333333,resnet50,0.023774156378600822,resnet50-seed43,43,moderate,0.6773333333333333,375
0.7313627074162166,0.022279604077339178,0.7536423114935558,Pasture,300,252,0.863013698630137,resolution,0.13666666666666666,resnet50,0.19694156378600824,resnet50-seed43,43,moderate,0.13333333333333333,300
0.9098991834322611,0.030209025382995656,0.9401082088152567,PermanentCrop,375,350,0.9722222222222222,resolution,0.04533333333333334,resnet50,0.33937975308641977,resnet50-seed43,43,moderate,0.029333333333333333,375
0.8784604678551357,0.005347856548097443,0.8838083244032331,Residential,450,445,0.9955257270693513,resolution,0.006666666666666667,resnet50,0.30830068587105625,resnet50-seed43,43,moderate,0.0044444444444444444,450
0.21487015938758844,0.008765933593114266,0.2236360929807027,River,375,111,0.29838709677419356,resolution,0.704,resnet50,0.04134847736625514,resnet50-seed43,43,moderate,0.696,375
-0.005228035317526929,0.00544827792379589,0.00022024260626896108,SeaLake,450,0,0.0,resolution,0.9933333333333333,resnet50,0.06677201646090536,resnet50-seed43,43,moderate,1.0,450
0.6091766381263733,0.005316071377860121,0.6144927095042335,AnnualCrop,450,290,0.6487695749440716,resolution,0.3488888888888889,resnet50,0.19791220850480107,resnet50-seed43,43,severe,0.35333333333333333,450
0.9955215613047282,0.004478012455834281,0.9999995737605625,Forest,450,448,1.0,resolution,0.0022222222222222222,resnet50,0.9823275720164608,resnet50-seed43,43,severe,0.0,450
0.9595792207452986,0.019113188319736102,0.9786924090650346,HerbaceousVegetation,450,442,1.0,resolution,0.0,resnet50,0.9383462277091906,resnet50-seed43,43,severe,0.0,450
0.9213338842391968,0.01749109315872193,0.9388249773979187,Highway,375,368,1.0,resolution,0.0026666666666666666,resnet50,0.6280210699588478,resnet50-seed43,43,severe,0.0,375
0.8890017762184143,0.007897854487101215,0.8968996307055155,Industrial,375,371,1.0,resolution,0.0,resnet50,0.8283911111111111,resnet50-seed43,43,severe,0.0,375
0.9760324217875798,0.022279604077339178,0.998312025864919,Pasture,300,292,1.0,resolution,0.0033333333333333335,resnet50,0.7542,resnet50-seed43,43,severe,0.0,300
0.8983402442932129,0.030209025382995656,0.9285492696762085,PermanentCrop,375,360,1.0,resolution,0.008,resnet50,0.9565155555555556,resnet50-seed43,43,severe,0.0,375
0.9317183152834574,0.005347856548097443,0.9370661718315548,Residential,450,447,1.0,resolution,0.0,resnet50,0.9902644718792867,resnet50-seed43,43,severe,0.0,450
0.9595139071941375,0.008765933593114266,0.9682798407872518,River,375,372,1.0,resolution,0.0,resnet50,0.2878972839506173,resnet50-seed43,43,severe,0.0,375
-0.005443595382902304,0.00544827792379589,4.682540893585774e-06,SeaLake,450,0,0.0,resolution,0.9933333333333333,resnet50,0.07893278463648834,resnet50-seed43,43,severe,1.0,450
0.0019712240166135176,0.005316071377860121,0.007287295394473639,AnnualCrop,450,1,0.0022371364653243847,spectral_appearance,0.9977777777777778,resnet50,0.0,resnet50-seed43,43,mild,0.9911111111111112,450
0.0009755627314249711,0.004478012455834281,0.005453575187259252,Forest,450,1,0.002232142857142857,spectral_appearance,0.9977777777777778,resnet50,0.0,resnet50-seed43,43,mild,0.9933333333333333,450
0.003159610695308984,0.019113188319736102,0.022272799015045086,HerbaceousVegetation,450,9,0.020361990950226245,spectral_appearance,0.9777777777777777,resnet50,0.0,resnet50-seed43,43,mild,0.9644444444444444,450
0.002640379110972077,0.01749109315872193,0.020131472269694008,Highway,375,2,0.005434782608695652,spectral_appearance,0.992,resnet50,0.0,resnet50-seed43,43,mild,0.9786666666666667,375
0.005721406618754048,0.007897854487101215,0.013619261105855263,Industrial,375,1,0.0026954177897574125,spectral_appearance,0.9973333333333333,resnet50,0.0,resnet50-seed43,43,mild,0.9866666666666667,375
0.0005114682515462293,0.022279604077339178,0.022791072328885408,Pasture,300,0,0.0,spectral_appearance,0.9966666666666667,resnet50,0.0,resnet50-seed43,43,mild,0.9733333333333334,300
0.01934114853541049,0.030209025382995656,0.049550173918406146,PermanentCrop,375,11,0.030555555555555555,spectral_appearance,0.9653333333333334,resnet50,3.2921810699588475e-06,resnet50-seed43,43,mild,0.936,375
6.83255990345669e-05,0.005347856548097443,0.00541618214713201,Residential,450,1,0.0022371364653243847,spectral_appearance,0.9955555555555555,resnet50,0.0,resnet50-seed43,43,mild,0.9933333333333333,450
0.0016446651617685083,0.008765933593114266,0.010410598754882774,River,375,0,0.0,spectral_appearance,1.0,resnet50,0.0,resnet50-seed43,43,mild,0.992,375
0.00012003408537973256,0.00544827792379589,0.005568312009175623,SeaLake,450,0,0.0,spectral_appearance,0.9977777777777778,resnet50,0.0,resnet50-seed43,43,mild,0.9955555555555555,450
0.0053383041752709795,0.005316071377860121,0.0106543755531311,AnnualCrop,450,2,0.0044742729306487695,spectral_appearance,0.9955555555555555,resnet50,1.810699588477366e-05,resnet50-seed43,43,moderate,0.9888888888888889,450
0.013930019802517412,0.004478012455834281,0.018408032258351692,Forest,450,7,0.015625,spectral_appearance,0.9844444444444445,resnet50,9.602194787379972e-05,resnet50-seed43,43,moderate,0.98,450
0.015265155235926309,0.019113188319736102,0.03437834355566241,HerbaceousVegetation,450,16,0.03619909502262444,spectral_appearance,0.96,resnet50,0.00011796982167352538,resnet50-seed43,43,moderate,0.9511111111111111,450
0.011114357630411808,0.01749109315872193,0.02860545078913374,Highway,375,9,0.024456521739130436,spectral_appearance,0.9733333333333334,resnet50,9.08641975308642e-05,resnet50-seed43,43,moderate,0.96,375
0.013710623582204115,0.007897854487101215,0.02160847806930533,Industrial,375,3,0.008086253369272238,spectral_appearance,0.992,resnet50,1.0534979423868313e-05,resnet50-seed43,43,moderate,0.9813333333333333,375
0.0023771198590596537,0.022279604077339178,0.024656723936398832,Pasture,300,3,0.010273972602739725,spectral_appearance,0.9866666666666667,resnet50,5.761316872427984e-06,resnet50-seed43,43,moderate,0.9633333333333334,300
0.05437190731366474,0.030209025382995656,0.0845809326966604,PermanentCrop,375,28,0.07777777777777778,spectral_appearance,0.912,resnet50,0.0003963786008230453,resnet50-seed43,43,moderate,0.896,375
0.0005345312092039046,0.005347856548097443,0.005882387757301348,Residential,450,3,0.006711409395973154,spectral_appearance,0.9888888888888889,resnet50,3.45679012345679e-05,resnet50-seed43,43,moderate,0.9911111111111112,450
0.004476617892583107,0.008765933593114266,0.013242551485697373,River,375,2,0.005376344086021506,spectral_appearance,0.9946666666666667,resnet50,5.925925925925926e-06,resnet50-seed43,43,moderate,0.9866666666666667,375
-0.0003691369957394145,0.00544827792379589,0.005079140928056476,SeaLake,450,0,0.0,spectral_appearance,0.9977777777777778,resnet50,9.876543209876543e-06,resnet50-seed43,43,moderate,0.9955555555555555,450
0.025804226266013277,0.005316071377860121,0.031120297643873397,AnnualCrop,450,15,0.03355704697986577,spectral_appearance,0.9666666666666667,resnet50,0.0002639231824417009,resnet50-seed43,43,severe,0.96,450
0.038115949365827774,0.004478012455834281,0.04259396182166206,Forest,450,21,0.046875,spectral_appearance,0.9511111111111111,resnet50,0.0024559670781893004,resnet50-seed43,43,severe,0.9488888888888889,450
0.06258464210563229,0.019113188319736102,0.08169783042536839,HerbaceousVegetation,450,45,0.10180995475113122,spectral_appearance,0.8955555555555555,resnet50,0.00568559670781893,resnet50-seed43,43,severe,0.8844444444444445,450
0.06788304265340173,0.01749109315872193,0.08537413581212365,Highway,375,40,0.10869565217391304,spectral_appearance,0.8906666666666667,resnet50,0.0006281481481481482,resnet50-seed43,43,severe,0.8773333333333333,375
0.03212152727444972,0.007897854487101215,0.04001938176155093,Industrial,375,21,0.05660377358490566,spectral_appearance,0.944,resnet50,0.0010357201646090536,resnet50-seed43,43,severe,0.9333333333333333,375
0.021717084149519644,0.022279604077339178,0.04399668822685882,Pasture,300,12,0.0410958904109589,spectral_appearance,0.95,resnet50,0.0018444444444444446,resnet50-seed43,43,severe,0.9366666666666666,300
0.10906131235758457,0.030209025382995656,0.13927033774058023,PermanentCrop,375,53,0.14722222222222223,spectral_appearance,0.8453333333333334,resnet50,0.007669465020576131,resnet50-seed43,43,severe,0.8266666666666667,375
0.019377392133077032,0.005347856548097443,0.024725248681174476,Residential,450,18,0.040268456375838924,spectral_appearance,0.9555555555555556,resnet50,0.0018897119341563784,resnet50-seed43,43,severe,0.9555555555555556,450
0.009038263161976982,0.008765933593114266,0.017804196755091248,River,375,6,0.016129032258064516,spectral_appearance,0.9813333333333333,resnet50,0.00012115226337448559,resnet50-seed43,43,severe,0.976,375
0.0029264725579155864,0.00544827792379589,0.008374750481711477,SeaLake,450,4,0.008948545861297539,spectral_appearance,0.9844444444444445,resnet50,0.0005772290809327846,resnet50-seed43,43,severe,0.9888888888888889,450
0.0008359142144521601,0.005316071377860121,0.006151985592312281,AnnualCrop,450,0,0.0,texture,0.9955555555555555,resnet50,0.0,resnet50-seed43,43,mild,0.9977777777777778,450
-0.0004725298616620674,0.004478012455834281,0.0040054825941722135,Forest,450,0,0.0,texture,1.0,resnet50,0.0,resnet50-seed43,43,mild,0.9955555555555555,450
0.0004794732729593437,0.019113188319736102,0.019592661592695446,HerbaceousVegetation,450,0,0.0,texture,0.9977777777777778,resnet50,0.0,resnet50-seed43,43,mild,0.9844444444444445,450
-0.004400713761647504,0.01749109315872193,0.013090379397074426,Highway,375,0,0.0,texture,1.0,resnet50,0.0,resnet50-seed43,43,mild,0.9813333333333333,375
-7.694164911899518e-05,0.007897854487101215,0.00782091283798222,Industrial,375,1,0.0026954177897574125,texture,0.9946666666666667,resnet50,0.0,resnet50-seed43,43,mild,0.9893333333333333,375
-0.004712413946787581,0.022279604077339178,0.017567190130551597,Pasture,300,0,0.0,texture,0.99,resnet50,0.0,resnet50-seed43,43,mild,0.98,300
-0.006770449558893946,0.030209025382995656,0.02343857582410171,PermanentCrop,375,2,0.005555555555555556,texture,0.9813333333333333,resnet50,0.0,resnet50-seed43,43,mild,0.968,375
7.324722078112366e-05,0.005347856548097443,0.005421103768878567,Residential,450,0,0.0,texture,1.0,resnet50,0.0,resnet50-seed43,43,mild,0.9933333333333333,450
0.00491493042310074,0.008765933593114266,0.013680864016215006,River,375,2,0.005376344086021506,texture,0.9946666666666667,resnet50,0.0,resnet50-seed43,43,mild,0.9866666666666667,375
-0.0011523903740776505,0.00544827792379589,0.00429588754971824,SeaLake,450,0,0.0,texture,0.9977777777777778,resnet50,0.0,resnet50-seed43,43,mild,0.9955555555555555,450
0.003078325324588494,0.005316071377860121,0.008394396702448615,AnnualCrop,450,6,0.013422818791946308,texture,0.9822222222222222,resnet50,6.419753086419753e-05,resnet50-seed43,43,moderate,0.9844444444444445,450
-0.002445032066769078,0.004478012455834281,0.002032980389065203,Forest,450,0,0.0,texture,0.9977777777777778,resnet50,2.7434842249657065e-06,resnet50-seed43,43,moderate,0.9977777777777778,450
0.00530060198571948,0.019113188319736102,0.024413790305455582,HerbaceousVegetation,450,5,0.011312217194570135,texture,0.9866666666666667,resnet50,0.000151440329218107,resnet50-seed43,43,moderate,0.9733333333333334,450
-0.006143751859664941,0.01749109315872193,0.01134734129905699,Highway,375,2,0.005434782608695652,texture,0.984,resnet50,6.584362139917695e-06,resnet50-seed43,43,moderate,0.9866666666666667,375
0.004474985917409245,0.007897854487101215,0.01237284040451046,Industrial,375,3,0.008086253369272238,texture,0.9893333333333333,resnet50,0.0,resnet50-seed43,43,moderate,0.984,375
0.0017429423332214408,0.022279604077339178,0.02402254641056062,Pasture,300,0,0.0,texture,0.9933333333333333,resnet50,4.938271604938272e-06,resnet50-seed43,43,moderate,0.98,300
-0.008478558222452921,0.030209025382995656,0.021730467160542735,PermanentCrop,375,2,0.005555555555555556,texture,0.976,resnet50,6.584362139917695e-06,resnet50-seed43,43,moderate,0.9733333333333334,375
-0.0033868236011929914,0.005347856548097443,0.0019610329469044517,Residential,450,0,0.0,texture,0.9933333333333333,resnet50,0.0,resnet50-seed43,43,moderate,1.0,450
0.047020692348480164,0.008765933593114266,0.055786625941594434,River,375,28,0.07526881720430108,texture,0.92,resnet50,0.0005260905349794239,resnet50-seed43,43,moderate,0.92,375
0.011951421896616672,0.00544827792379589,0.017399699820412562,SeaLake,450,8,0.017897091722595078,texture,0.98,resnet50,0.0003204389574759945,resnet50-seed43,43,moderate,0.9777777777777777,450
0.01082704716258583,0.005316071377860121,0.01614311854044595,AnnualCrop,450,13,0.029082774049217,texture,0.9666666666666667,resnet50,0.0006869684499314128,resnet50-seed43,43,severe,0.9688888888888889,450
-0.0038555607530806235,0.004478012455834281,0.0006224517027536573,Forest,450,0,0.0,texture,0.9955555555555555,resnet50,1.262002743484225e-05,resnet50-seed43,43,severe,1.0,450
0.04966454625129696,0.019113188319736102,0.06877773457103306,HerbaceousVegetation,450,35,0.07918552036199095,texture,0.9177777777777778,resnet50,0.00250480109739369,resnet50-seed43,43,severe,0.9044444444444445,450
0.010519869407018025,0.01749109315872193,0.028010962565739955,Highway,375,18,0.04891304347826087,texture,0.9386666666666666,resnet50,0.0003595061728395062,resnet50-seed43,43,severe,0.9466666666666667,375
0.014665414651235014,0.007897854487101215,0.02256326913833623,Industrial,375,8,0.0215633423180593,texture,0.976,resnet50,3.0946502057613167e-05,resnet50-seed43,43,severe,0.9706666666666667,375
0.0048907983303069225,0.022279604077339178,0.0271704024076461,Pasture,300,3,0.010273972602739725,texture,0.98,resnet50,0.00014403292181069957,resnet50-seed43,43,severe,0.9733333333333334,300
-0.004824752012888615,0.030209025382995656,0.02538427337010704,PermanentCrop,375,6,0.016666666666666666,texture,0.9626666666666667,resnet50,0.00016526748971193417,resnet50-seed43,43,severe,0.9653333333333334,375
-0.005157492160797197,0.005347856548097443,0.00019036438730024585,Residential,450,0,0.0,texture,0.9933333333333333,resnet50,0.0,resnet50-seed43,43,severe,1.0,450
0.1492233318487803,0.008765933593114266,0.15798926544189457,River,375,92,0.24731182795698925,texture,0.7493333333333333,resnet50,0.006926090534979423,resnet50-seed43,43,severe,0.7493333333333333,375
0.018285359210438286,0.00544827792379589,0.023733637134234174,SeaLake,450,13,0.029082774049217,texture,0.9688888888888889,resnet50,0.001794787379972565,resnet50-seed43,43,severe,0.9666666666666667,450
-0.00456627229849498,0.012017163568072888,0.007450891269577908,AnnualCrop,450,1,0.0022624434389140274,resolution,0.9888888888888889,vit_small_patch16_224,1.0425240054869684e-05,vit_small_patch16_224-seed17,17,mild,0.9888888888888889,450
0.02062776664892828,0.003932243453131835,0.024560010102060117,Forest,450,16,0.035634743875278395,resolution,0.9644444444444444,vit_small_patch16_224,1.700960219478738e-05,vit_small_patch16_224-seed17,17,mild,0.9622222222222222,450
0.008184317880206612,0.017216212617026428,0.02540053049723304,HerbaceousVegetation,450,6,0.013636363636363636,resolution,0.9777777777777777,vit_small_patch16_224,3.840877914951989e-06,vit_small_patch16_224-seed17,17,mild,0.9733333333333334,450
-0.0034850854873656398,0.016744384765624926,0.013259299278259286,Highway,375,1,0.0027100271002710027,resolution,0.9973333333333333,vit_small_patch16_224,0.0,vit_small_patch16_224-seed17,17,mild,0.9813333333333333,375
0.0028775408267975302,0.00774611520767205,0.01062365603446958,Industrial,375,3,0.008086253369272238,resolution,0.984,vit_small_patch16_224,8.559670781893005e-06,vit_small_patch16_224-seed17,17,mild,0.9893333333333333,375
0.016335548063119324,0.026471655468145987,0.04280720353126531,Pasture,300,6,0.020618556701030927,resolution,0.98,vit_small_patch16_224,2.4691358024691363e-06,vit_small_patch16_224-seed17,17,mild,0.95,300
0.07272797632217404,0.03624854826927188,0.10897652459144591,PermanentCrop,375,41,0.11388888888888889,resolution,0.8826666666666667,vit_small_patch16_224,7.111111111111112e-05,vit_small_patch16_224-seed17,17,mild,0.856,375
0.05641453425089529,0.008909650511211733,0.06532418476210702,Residential,450,39,0.08744394618834081,resolution,0.9111111111111111,vit_small_patch16_224,0.0003286694101508917,vit_small_patch16_224-seed17,17,mild,0.9044444444444445,450
0.007428340832392397,0.02613377968470252,0.033562120517094916,River,375,4,0.011019283746556474,resolution,0.984,vit_small_patch16_224,4.6090534979423875e-06,vit_small_patch16_224-seed17,17,mild,0.9573333333333334,375
-0.006654982566833543,0.011705526908238801,0.005050544341405258,SeaLake,450,0,0.0,resolution,0.9888888888888889,vit_small_patch16_224,0.0,vit_small_patch16_224-seed17,17,mild,0.9977777777777778,450
-0.009191884464687782,0.012017163568072888,0.002825279103385107,AnnualCrop,450,0,0.0,resolution,0.9844444444444445,vit_small_patch16_224,3.456790123456791e-05,vit_small_patch16_224-seed17,17,moderate,0.9977777777777778,450
0.20602183143297828,0.003932243453131835,0.20995407488611012,Forest,450,116,0.2583518930957684,resolution,0.7422222222222222,vit_small_patch16_224,0.0010919067215363512,vit_small_patch16_224-seed17,17,moderate,0.74,450
0.014305750197834404,0.017216212617026428,0.03152196281486083,HerbaceousVegetation,450,16,0.03636363636363636,resolution,0.9511111111111111,vit_small_patch16_224,0.0001832647462277092,vit_small_patch16_224-seed17,17,moderate,0.9533333333333334,450
0.013341244777043827,0.016744384765624926,0.030085629542668753,Highway,375,10,0.02710027100271003,resolution,0.9706666666666667,vit_small_patch16_224,5.728395061728395e-05,vit_small_patch16_224-seed17,17,moderate,0.96,375
0.03182434614499416,0.00774611520767205,0.03957046135266621,Industrial,375,19,0.05121293800539083,resolution,0.9413333333333334,vit_small_patch16_224,0.0003397530864197531,vit_small_patch16_224-seed17,17,moderate,0.9466666666666667,375
0.016222200890382125,0.026471655468145987,0.04269385635852811,Pasture,300,12,0.041237113402061855,resolution,0.95,vit_small_patch16_224,0.0001736625514403292,vit_small_patch16_224-seed17,17,moderate,0.9366666666666666,300
0.33221442437171933,0.03624854826927188,0.3684629726409912,PermanentCrop,375,146,0.40555555555555556,resolution,0.6053333333333333,vit_small_patch16_224,0.004019094650205762,vit_small_patch16_224-seed17,17,moderate,0.5706666666666667,375
0.6962641551759509,0.008909650511211733,0.7051738056871626,Residential,450,377,0.8452914798206278,resolution,0.16,vit_small_patch16_224,0.042342935528120705,vit_small_patch16_224-seed17,17,moderate,0.15333333333333332,450
0.0305694173177083,0.02613377968470252,0.05670319700241082,River,375,12,0.03305785123966942,resolution,0.9626666666666667,vit_small_patch16_224,0.00011259259259259257,vit_small_patch16_224-seed17,17,moderate,0.936,375
-0.009076187610626198,0.011705526908238801,0.0026293392976126026,SeaLake,450,0,0.0,resolution,0.9888888888888889,vit_small_patch16_224,4.38957475994513e-06,vit_small_patch16_224-seed17,17,moderate,0.9977777777777778,450
0.005021162695354828,0.012017163568072888,0.017038326263427717,AnnualCrop,450,6,0.013574660633484163,resolution,0.9688888888888889,vit_small_patch16_224,0.00020301783264746232,vit_small_patch16_224-seed17,17,severe,0.9844444444444445,450
0.8840888098875682,0.003932243453131835,0.8880210533407,Forest,450,416,0.9265033407572383,resolution,0.07555555555555556,vit_small_patch16_224,0.028100411522633744,vit_small_patch16_224-seed17,17,severe,0.07333333333333333,450
0.24774479077921974,0.017216212617026428,0.2649610033962462,HerbaceousVegetation,450,152,0.34545454545454546,resolution,0.64,vit_small_patch16_224,0.00825130315500686,vit_small_patch16_224-seed17,17,severe,0.6488888888888888,450
0.40589479955037444,0.016744384765624926,0.42263918431599934,Highway,375,191,0.5176151761517616,resolution,0.47733333333333333,vit_small_patch16_224,0.054010205761316876,vit_small_patch16_224-seed17,17,severe,0.47733333333333333,375
0.5560858771006267,0.00774611520767205,0.5638319923082988,Industrial,375,257,0.692722371967655,resolution,0.30666666666666664,vit_small_patch16_224,0.07708773662551441,vit_small_patch16_224-seed17,17,severe,0.304,375
0.25399928003549577,0.026471655468145987,0.28047093550364177,Pasture,300,114,0.3917525773195876,resolution,0.6,vit_small_patch16_224,0.00963374485596708,vit_small_patch16_224-seed17,17,severe,0.59,300
0.8747198816935221,0.03624854826927188,0.910968429962794,PermanentCrop,375,348,0.9666666666666667,resolution,0.048,vit_small_patch16_224,0.27152,vit_small_patch16_224-seed17,17,severe,0.032,375
0.8676951120959389,0.008909650511211733,0.8766047626071506,Residential,450,446,1.0,resolution,0.0,vit_small_patch16_224,0.3764669410150891,vit_small_patch16_224-seed17,17,severe,0.0,450
0.12799945163726806,0.02613377968470252,0.15413323132197057,River,375,66,0.18181818181818182,resolution,0.8133333333333334,vit_small_patch16_224,0.003279012345679012,vit_small_patch16_224-seed17,17,severe,0.7973333333333333,375
-0.009193424383799336,0.011705526908238801,0.002512102524439465,SeaLake,450,1,0.0022522522522522522,resolution,0.9844444444444445,vit_small_patch16_224,2.6886145404663922e-05,vit_small_patch16_224-seed17,17,severe,0.9977777777777778,450
0.01029926962322663,0.012017163568072888,0.022316433191299518,AnnualCrop,450,5,0.011312217194570135,spectral_appearance,0.9866666666666667,vit_small_patch16_224,1.646090534979424e-06,vit_small_patch16_224-seed17,17,mild,0.9733333333333334,450
0.0030966444810231033,0.003932243453131835,0.0070288879341549385,Forest,450,2,0.004454342984409799,spectral_appearance,0.9955555555555555,vit_small_patch16_224,2.7434842249657065e-06,vit_small_patch16_224-seed17,17,mild,0.9933333333333333,450
0.03115478979216681,0.017216212617026428,0.04837100240919324,HerbaceousVegetation,450,15,0.03409090909090909,spectral_appearance,0.9644444444444444,vit_small_patch16_224,3.45679012345679e-05,vit_small_patch16_224-seed17,17,mild,0.9466666666666667,450
0.005308398803075175,0.016744384765624926,0.0220527835687001,Highway,375,6,0.016260162601626018,spectral_appearance,0.984,vit_small_patch16_224,5.925925925925926e-06,vit_small_patch16_224-seed17,17,mild,0.968,375
0.0014420091311138144,0.00774611520767205,0.009188124338785865,Industrial,375,2,0.005390835579514825,spectral_appearance,0.992,vit_small_patch16_224,6.584362139917696e-07,vit_small_patch16_224-seed17,17,mild,0.9866666666666667,375
0.0011894189318021435,0.026471655468145987,0.02766107439994813,Pasture,300,0,0.0,spectral_appearance,0.9966666666666667,vit_small_patch16_224,0.0,vit_small_patch16_224-seed17,17,mild,0.97,300
0.017050475994745858,0.03624854826927188,0.05329902426401774,PermanentCrop,375,16,0.044444444444444446,spectral_appearance,0.9466666666666667,vit_small_patch16_224,4.806584362139918e-05,vit_small_patch16_224-seed17,17,mild,0.928,375
0.004301810132132707,0.008909650511211733,0.01321146064334444,Residential,450,2,0.004484304932735426,spectral_appearance,0.9955555555555555,vit_small_patch16_224,5.486968449931413e-07,vit_small_patch16_224-seed17,17,mild,0.9866666666666667,450
-0.0036566084225971712,0.02613377968470252,0.02247717126210535,River,375,0,0.0,spectral_appearance,0.9973333333333333,vit_small_patch16_224,0.0,vit_small_patch16_224-seed17,17,mild,0.9706666666666667,375
-0.0013539858659109578,0.011705526908238801,0.010351541042327843,SeaLake,450,3,0.006756756756756757,spectral_appearance,0.9866666666666667,vit_small_patch16_224,0.0,vit_small_patch16_224-seed17,17,mild,0.9866666666666667,450
0.011355945865313119,0.012017163568072888,0.023373109433386007,AnnualCrop,450,7,0.01583710407239819,spectral_appearance,0.9755555555555555,vit_small_patch16_224,5.596707818930041e-05,vit_small_patch16_224-seed17,17,moderate,0.9733333333333334,450
0.009087913566165444,0.003932243453131835,0.01302015701929728,Forest,450,6,0.013363028953229399,spectral_appearance,0.9866666666666667,vit_small_patch16_224,7.352537722908095e-05,vit_small_patch16_224-seed17,17,moderate,0.9844444444444445,450
0.05044936199982959,0.017216212617026428,0.06766557461685602,HerbaceousVegetation,450,32,0.07272727272727272,spectral_appearance,0.9222222222222223,vit_small_patch16_224,0.0003237311385459534,vit_small_patch16_224-seed17,17,moderate,0.9133333333333333,450
0.01757818802197779,0.016744384765624926,0.034322572787602715,Highway,375,18,0.04878048780487805,spectral_appearance,0.9493333333333334,vit_small_patch16_224,0.0002390123456790124,vit_small_patch16_224-seed17,17,moderate,0.9386666666666666,375
0.01851655371983848,0.00774611520767205,0.02626266892751053,Industrial,375,10,0.026954177897574125,spectral_appearance,0.968,vit_small_patch16_224,0.00014288065843621399,vit_small_patch16_224-seed17,17,moderate,0.968,375
0.01251607189575835,0.026471655468145987,0.03898772736390434,Pasture,300,6,0.020618556701030927,spectral_appearance,0.9733333333333334,vit_small_patch16_224,2.7160493827160497e-05,vit_small_patch16_224-seed17,17,moderate,0.9533333333333334,300
0.04565672151247654,0.03624854826927188,0.08190526978174842,PermanentCrop,375,34,0.09444444444444444,spectral_appearance,0.8906666666666667,vit_small_patch16_224,0.0006979423868312758,vit_small_patch16_224-seed17,17,moderate,0.888,375
0.0038731470372942375,0.008909650511211733,0.01278279754850597,Residential,450,2,0.004484304932735426,spectral_appearance,0.9911111111111112,vit_small_patch16_224,8.065843621399178e-05,vit_small_patch16_224-seed17,17,moderate,0.9866666666666667,450
-0.004829122861226373,0.02613377968470252,0.021304656823476147,River,375,4,0.011019283746556474,spectral_appearance,0.976,vit_small_patch16_224,2.0411522633744853e-05,vit_small_patch16_224-seed17,17,moderate,0.968,375
0.0005990922451018042,0.011705526908238801,0.012304619153340605,SeaLake,450,4,0.009009009009009009,spectral_appearance,0.9844444444444445,vit_small_patch16_224,1.1522633744855967e-05,vit_small_patch16_224-seed17,17,moderate,0.9844444444444445,450
0.055210134850607995,0.012017163568072888,0.06722729841868089,AnnualCrop,450,28,0.06334841628959276,spectral_appearance,0.9333333333333333,vit_small_patch16_224,0.0015270233196159123,vit_small_patch16_224-seed17,17,severe,0.9244444444444444,450
0.04812817666265693,0.003932243453131835,0.052060420115788764,Forest,450,25,0.0556792873051225,spectral_appearance,0.9444444444444444,vit_small_patch16_224,0.0032170096021947882,vit_small_patch16_224-seed17,17,severe,0.9422222222222222,450
0.11684900846746239,0.017216212617026428,0.13406522108448882,HerbaceousVegetation,450,79,0.17954545454545454,spectral_appearance,0.8133333333333334,vit_small_patch16_224,0.0029026063100137177,vit_small_patch16_224-seed17,17,severe,0.8066666666666666,450
0.15928742798169457,0.016744384765624926,0.1760318127473195,Highway,375,81,0.21951219512195122,spectral_appearance,0.776,vit_small_patch16_224,0.019205267489711932,vit_small_patch16_224-seed17,17,severe,0.7733333333333333,375
0.09138939038912458,0.00774611520767205,0.09913550559679662,Industrial,375,49,0.1320754716981132,spectral_appearance,0.8613333333333333,vit_small_patch16_224,0.00689843621399177,vit_small_patch16_224-seed17,17,severe,0.864,375
0.08612072249253593,0.026471655468145987,0.11259237796068192,Pasture,300,34,0.11683848797250859,spectral_appearance,0.8733333333333333,vit_small_patch16_224,0.001508641975308642,vit_small_patch16_224-seed17,17,severe,0.86,300
0.1639779644012451,0.03624854826927188,0.20022651267051697,PermanentCrop,375,87,0.24166666666666667,spectral_appearance,0.7466666666666667,vit_small_patch16_224,0.006508641975308642,vit_small_patch16_224-seed17,17,severe,0.7386666666666667,375
0.013365493880377914,0.008909650511211733,0.022275144391589646,Residential,450,12,0.026905829596412557,spectral_appearance,0.9666666666666667,vit_small_patch16_224,0.002004938271604938,vit_small_patch16_224-seed17,17,severe,0.9666666666666667,450
0.04649378808339435,0.02613377968470252,0.07262756776809687,River,375,23,0.06336088154269973,spectral_appearance,0.9226666666666666,vit_small_patch16_224,0.0007321810699588478,vit_small_patch16_224-seed17,17,severe,0.9173333333333333,375
0.015900530219078012,0.011705526908238801,0.027606057127316813,SeaLake,450,15,0.033783783783783786,spectral_appearance,0.96,vit_small_patch16_224,0.00017887517146776406,vit_small_patch16_224-seed17,17,severe,0.96,450
0.003689086172315753,0.012017163568072888,0.01570624974038864,AnnualCrop,450,0,0.0,texture,0.9955555555555555,vit_small_patch16_224,5.486968449931413e-07,vit_small_patch16_224-seed17,17,mild,0.9866666666666667,450
0.00010656131638420337,0.003932243453131835,0.004038804769516039,Forest,450,1,0.0022271714922048997,texture,0.9977777777777778,vit_small_patch16_224,0.0,vit_small_patch16_224-seed17,17,mild,0.9955555555555555,450
0.0019823669062719942,0.017216212617026428,0.019198579523298422,HerbaceousVegetation,450,1,0.0022727272727272726,texture,0.9977777777777778,vit_small_patch16_224,2.7434842249657065e-06,vit_small_patch16_224-seed17,17,mild,0.9755555555555555,450
-0.003760058561960808,0.016744384765624926,0.012984326203664118,Highway,375,0,0.0,texture,0.9973333333333333,vit_small_patch16_224,0.0,vit_small_patch16_224-seed17,17,mild,0.9866666666666667,375
0.0008715000152588375,0.00774611520767205,0.008617615222930888,Industrial,375,1,0.0026954177897574125,texture,0.992,vit_small_patch16_224,0.0,vit_small_patch16_224-seed17,17,mild,0.992,375
0.0021964656313261284,0.026471655468145987,0.028668121099472116,Pasture,300,1,0.003436426116838488,texture,0.9966666666666667,vit_small_patch16_224,0.0,vit_small_patch16_224-seed17,17,mild,0.9666666666666667,300
-0.019302182674408017,0.03624854826927188,0.016946365594863864,PermanentCrop,375,0,0.0,texture,0.9866666666666667,vit_small_patch16_224,0.0,vit_small_patch16_224-seed17,17,mild,0.9733333333333334,375
-0.0005852258205413224,0.008909650511211733,0.00832442469067041,Residential,450,0,0.0,texture,1.0,vit_small_patch16_224,0.0,vit_small_patch16_224-seed17,17,mild,0.9911111111111112,450
0.0008926027615866021,0.02613377968470252,0.027026382446289122,River,375,1,0.0027548209366391185,texture,0.9893333333333333,vit_small_patch16_224,0.0,vit_small_patch16_224-seed17,17,mild,0.968,375
-0.0007149865892198629,0.011705526908238801,0.010990540319018938,SeaLake,450,0,0.0,texture,0.9955555555555555,vit_small_patch16_224,5.486968449931413e-07,vit_small_patch16_224-seed17,17,mild,0.9911111111111112,450
0.01546463410059606,0.012017163568072888,0.02748179766866895,AnnualCrop,450,11,0.024886877828054297,texture,0.9688888888888889,vit_small_patch16_224,0.0001141289437585734,vit_small_patch16_224-seed17,17,moderate,0.9644444444444444,450
-2.6710695690585103e-05,0.003932243453131835,0.00390553275744125,Forest,450,1,0.0022271714922048997,texture,0.9977777777777778,vit_small_patch16_224,0.0,vit_small_patch16_224-seed17,17,moderate,0.9955555555555555,450
0.010306221114264668,0.017216212617026428,0.027522433731291096,HerbaceousVegetation,450,9,0.020454545454545454,texture,0.9733333333333334,vit_small_patch16_224,0.00021454046639231823,vit_small_patch16_224-seed17,17,moderate,0.9644444444444444,450
0.0007467479705811735,0.016744384765624926,0.0174911327362061,Highway,375,1,0.0027100271002710027,texture,0.9946666666666667,vit_small_patch16_224,1.711934156378601e-05,vit_small_patch16_224-seed17,17,moderate,0.984,375
-0.003261211872100776,0.00774611520767205,0.004484903335571274,Industrial,375,1,0.0026954177897574125,texture,0.9893333333333333,vit_small_patch16_224,3.358024691358025e-05,vit_small_patch16_224-seed17,17,moderate,0.9946666666666667,375
0.001186710695425721,0.026471655468145987,0.02765836616357171,Pasture,300,2,0.006872852233676976,texture,0.99,vit_small_patch16_224,1.234567901234568e-05,vit_small_patch16_224-seed17,17,moderate,0.9666666666666667,300
-0.02170859217643738,0.03624854826927188,0.0145399560928345,PermanentCrop,375,2,0.005555555555555556,texture,0.9653333333333334,vit_small_patch16_224,2.8312757201646093e-05,vit_small_patch16_224-seed17,17,moderate,0.984,375
-0.0037802900208366453,0.008909650511211733,0.005129360490375087,Residential,450,0,0.0,texture,0.9955555555555555,vit_small_patch16_224,2.194787379972565e-06,vit_small_patch16_224-seed17,17,moderate,0.9955555555555555,450
0.007827711184819508,0.02613377968470252,0.03396149086952203,River,375,11,0.030303030303030304,texture,0.9573333333333334,vit_small_patch16_224,0.0004167901234567901,vit_small_patch16_224-seed17,17,moderate,0.944,375
0.013472917609744495,0.011705526908238801,0.025178444517983296,SeaLake,450,8,0.018018018018018018,texture,0.9777777777777777,vit_small_patch16_224,0.00020301783264746232,vit_small_patch16_224-seed17,17,moderate,0.9733333333333334,450
0.06653669854005172,0.012017163568072888,0.07855386210812461,AnnualCrop,450,38,0.08597285067873303,texture,0.9088888888888889,vit_small_patch16_224,0.001339917695473251,vit_small_patch16_224-seed17,17,severe,0.9,450
-0.001830022732416811,0.003932243453131835,0.0021022207207150242,Forest,450,1,0.0022271714922048997,texture,0.9955555555555555,vit_small_patch16_224,4.9382716049382725e-06,vit_small_patch16_224-seed17,17,severe,0.9977777777777778,450
0.03641780310206942,0.017216212617026428,0.053634015719095846,HerbaceousVegetation,450,27,0.06136363636363636,texture,0.9333333333333333,vit_small_patch16_224,0.0015945130315500686,vit_small_patch16_224-seed17,17,severe,0.9244444444444444,450
0.04720401994387312,0.016744384765624926,0.06394840470949804,Highway,375,29,0.07859078590785908,texture,0.92,vit_small_patch16_224,0.0012641975308641973,vit_small_patch16_224-seed17,17,severe,0.9093333333333333,375
-0.00019079780578610834,0.00774611520767205,0.007555317401885942,Industrial,375,2,0.005390835579514825,texture,0.9866666666666667,vit_small_patch16_224,0.00012312757201646092,vit_small_patch16_224-seed17,17,severe,0.992,375
0.003005248407522882,0.026471655468145987,0.02947690387566887,Pasture,300,6,0.020618556701030927,texture,0.9666666666666667,vit_small_patch16_224,8.97119341563786e-05,vit_small_patch16_224-seed17,17,severe,0.9633333333333334,300
-0.02641227889060974,0.03624854826927188,0.009836269378662141,PermanentCrop,375,4,0.011111111111111112,texture,0.9573333333333334,vit_small_patch16_224,0.00016592592592592595,vit_small_patch16_224-seed17,17,severe,0.9813333333333333,375
-0.005633825461069727,0.008909650511211733,0.0032758250501420056,Residential,450,0,0.0,texture,0.9955555555555555,vit_small_patch16_224,1.4814814814814813e-05,vit_small_patch16_224-seed17,17,severe,0.9955555555555555,450
0.14176930236816415,0.02613377968470252,0.16790308205286666,River,375,75,0.2066115702479339,texture,0.7813333333333333,vit_small_patch16_224,0.012348312757201645,vit_small_patch16_224-seed17,17,severe,0.776,375
0.03423418349689897,0.011705526908238801,0.045939710405137765,SeaLake,450,22,0.04954954954954955,texture,0.9422222222222222,vit_small_patch16_224,0.0011083676268861455,vit_small_patch16_224-seed17,17,severe,0.9422222222222222,450
0.0001796258820426673,0.02619896921846607,0.026378595100508738,AnnualCrop,450,5,0.011574074074074073,resolution,0.9755555555555555,vit_small_patch16_224,1.0973936899862826e-06,vit_small_patch16_224-seed29,29,mild,0.9577777777777777,450
0.033327636718749915,0.013157200415929219,0.04648483713467913,Forest,450,35,0.07990867579908675,resolution,0.9177777777777778,vit_small_patch16_224,1.8655692729766806e-05,vit_small_patch16_224-seed29,29,mild,0.8955555555555555,450
0.0014778272310893396,0.021626176834106448,0.023104004065195787,HerbaceousVegetation,450,10,0.0234192037470726,resolution,0.9555555555555556,vit_small_patch16_224,4.9382716049382725e-06,vit_small_patch16_224-seed29,29,mild,0.9444444444444444,450
-0.004558660825093607,0.0208509629567464,0.016292302131652794,Highway,375,1,0.002777777777777778,resolution,0.9893333333333333,vit_small_patch16_224,0.0,vit_small_patch16_224-seed29,29,mild,0.9653333333333334,375
-0.0015336070855458267,0.012235221147537263,0.010701614061991436,Industrial,375,0,0.0,resolution,0.992,vit_small_patch16_224,0.0,vit_small_patch16_224-seed29,29,mild,0.9813333333333333,375
0.002468842069307923,0.02620011607805891,0.028668958147366832,Pasture,300,18,0.0625,resolution,0.9366666666666666,vit_small_patch16_224,1.646090534979424e-06,vit_small_patch16_224-seed29,29,mild,0.9033333333333333,300
0.10010158268610646,0.03931709710756935,0.1394186797936758,PermanentCrop,375,59,0.16954022988505746,resolution,0.8426666666666667,vit_small_patch16_224,0.00012378600823045267,vit_small_patch16_224-seed29,29,mild,0.7706666666666667,375
0.16032125426663288,0.012835795217090239,0.17315704948372312,Residential,450,155,0.3538812785388128,resolution,0.6533333333333333,vit_small_patch16_224,0.002247462277091907,vit_small_patch16_224-seed29,29,mild,0.6288888888888889,450
-0.0007251573403676756,0.040375223954518674,0.039650066614151,River,375,9,0.025423728813559324,resolution,0.9706666666666667,vit_small_patch16_224,1.3168724279835392e-06,vit_small_patch16_224-seed29,29,mild,0.9226666666666666,375
-0.0029256173637178754,0.0051958250999451045,0.002270207736227229,SeaLake,450,0,0.0,resolution,0.9977777777777778,vit_small_patch16_224,0.0,vit_small_patch16_224-seed29,29,mild,0.9955555555555555,450
0.0034296738439136137,0.02619896921846607,0.029628643062379684,AnnualCrop,450,16,0.037037037037037035,resolution,0.9466666666666667,vit_small_patch16_224,4.9931412894375855e-05,vit_small_patch16_224-seed29,29,moderate,0.9377777777777778,450
0.19246114591757452,0.013157200415929219,0.20561834633350373,Forest,450,132,0.3013698630136986,resolution,0.6955555555555556,vit_small_patch16_224,0.0021069958847736627,vit_small_patch16_224-seed29,29,moderate,0.6822222222222222,450
0.03002362701627942,0.021626176834106448,0.05164980385038587,HerbaceousVegetation,450,31,0.07259953161592506,resolution,0.8955555555555555,vit_small_patch16_224,0.00048395061728395065,vit_small_patch16_224-seed29,29,moderate,0.8977777777777778,450
0.0005955740610758958,0.0208509629567464,0.021446537017822297,Highway,375,5,0.013888888888888888,resolution,0.9733333333333334,vit_small_patch16_224,0.00014617283950617285,vit_small_patch16_224-seed29,29,moderate,0.9573333333333334,375
0.0006451930205026591,0.012235221147537263,0.012880414168039922,Industrial,375,14,0.03825136612021858,resolution,0.9493333333333334,vit_small_patch16_224,0.00028312757201646093,vit_small_patch16_224-seed29,29,moderate,0.9493333333333334,375
0.056319172382354656,0.02620011607805891,0.08251928846041356,Pasture,300,57,0.19791666666666666,resolution,0.7966666666666666,vit_small_patch16_224,0.0006024691358024691,vit_small_patch16_224-seed29,29,moderate,0.7766666666666666,300
0.38854324833552045,0.03931709710756935,0.4278603454430898,PermanentCrop,375,204,0.5862068965517241,resolution,0.448,vit_small_patch16_224,0.00892641975308642,vit_small_patch16_224-seed29,29,moderate,0.384,375
0.7556692363818486,0.012835795217090239,0.7685050315989388,Residential,450,437,0.997716894977169,resolution,0.024444444444444446,vit_small_patch16_224,0.1163758573388203,vit_small_patch16_224-seed29,29,moderate,0.0022222222222222222,450
0.02937563983599345,0.040375223954518674,0.06975086379051212,River,375,34,0.096045197740113,resolution,0.896,vit_small_patch16_224,0.0001606584362139918,vit_small_patch16_224-seed29,29,moderate,0.8613333333333333,375
-0.001536556813452015,0.0051958250999451045,0.0036592682864930895,SeaLake,450,0,0.0,resolution,0.9955555555555555,vit_small_patch16_224,5.486968449931413e-07,vit_small_patch16_224-seed29,29,moderate,0.9977777777777778,450
0.07980636682775281,0.02619896921846607,0.10600533604621888,AnnualCrop,450,61,0.1412037037037037,resolution,0.8444444444444444,vit_small_patch16_224,0.001021124828532236,vit_small_patch16_224-seed29,29,severe,0.84,450
0.9349482226371764,0.013157200415929219,0.9481054230531056,Forest,450,432,0.9863013698630136,resolution,0.017777777777777778,vit_small_patch16_224,0.047501234567901236,vit_small_patch16_224-seed29,29,severe,0.013333333333333334,450
0.3070170406500498,0.021626176834106448,0.32864321748415626,HerbaceousVegetation,450,211,0.49414519906323184,resolution,0.4866666666666667,vit_small_patch16_224,0.016666117969821675,vit_small_patch16_224-seed29,29,severe,0.4866666666666667,450
0.18175008980433144,0.0208509629567464,0.20260105276107784,Highway,375,119,0.33055555555555555,resolution,0.656,vit_small_patch16_224,0.03661234567901235,vit_small_patch16_224-seed29,29,severe,0.6453333333333333,375
0.11753387180964149,0.012235221147537263,0.12976909295717876,Industrial,375,138,0.3770491803278688,resolution,0.6133333333333333,vit_small_patch16_224,0.0252477366255144,vit_small_patch16_224-seed29,29,severe,0.6106666666666667,375
0.6684947492678959,0.02620011607805891,0.6946948653459548,Pasture,300,251,0.8715277777777778,resolution,0.14,vit_small_patch16_224,0.029259259259259263,vit_small_patch16_224-seed29,29,severe,0.12333333333333334,300
0.7310670703252158,0.03931709710756935,0.7703841674327851,PermanentCrop,375,347,0.9971264367816092,resolution,0.034666666666666665,vit_small_patch16_224,0.1511519341563786,vit_small_patch16_224-seed29,29,severe,0.0026666666666666666,375
0.7296738676892386,0.012835795217090239,0.7425096629063288,Residential,450,438,1.0,resolution,0.0,vit_small_patch16_224,0.47391001371742114,vit_small_patch16_224-seed29,29,severe,0.0,450
0.2857987004121144,0.040375223954518674,0.3261739243666331,River,375,155,0.4378531073446328,resolution,0.552,vit_small_patch16_224,0.013759341563786007,vit_small_patch16_224-seed29,29,severe,0.552,375
-0.004411616722742721,0.0051958250999451045,0.0007842083772023835,SeaLake,450,0,0.0,resolution,0.9933333333333333,vit_small_patch16_224,5.486968449931414e-06,vit_small_patch16_224-seed29,29,severe,1.0,450
-0.006201735734939633,0.02619896921846607,0.019997233483526437,AnnualCrop,450,2,0.004629629629629629,spectral_appearance,0.9822222222222222,vit_small_patch16_224,3.292181069958848e-06,vit_small_patch16_224-seed29,29,mild,0.9688888888888889,450
0.009853898154364618,0.013157200415929219,0.023011098570293837,Forest,450,8,0.0182648401826484,spectral_appearance,0.9755555555555555,vit_small_patch16_224,0.0,vit_small_patch16_224-seed29,29,mild,0.9622222222222222,450
0.014981389641761766,0.021626176834106448,0.036607566475868214,HerbaceousVegetation,450,18,0.04215456674473068,spectral_appearance,0.9466666666666667,vit_small_patch16_224,5.432098765432099e-05,vit_small_patch16_224-seed29,29,mild,0.9177777777777778,450
0.00992145133018494,0.0208509629567464,0.03077241428693134,Highway,375,8,0.022222222222222223,spectral_appearance,0.9733333333333334,vit_small_patch16_224,6.847736625514404e-05,vit_small_patch16_224-seed29,29,mild,0.944,375
0.010760728438695308,0.012235221147537263,0.02299594958623257,Industrial,375,7,0.01912568306010929,spectral_appearance,0.968,vit_small_patch16_224,2.3045267489711937e-05,vit_small_patch16_224-seed29,29,mild,0.968,375
0.0062740728259086526,0.02620011607805891,0.03247418890396756,Pasture,300,1,0.003472222222222222,spectral_appearance,0.9833333333333333,vit_small_patch16_224,8.23045267489712e-07,vit_small_patch16_224-seed29,29,mild,0.9566666666666667,300
0.047047996679941875,0.03931709710756935,0.08636509378751123,PermanentCrop,375,32,0.09195402298850575,spectral_appearance,0.8933333333333333,vit_small_patch16_224,0.0001356378600823045,vit_small_patch16_224-seed29,29,mild,0.864,375
0.02062073906262716,0.012835795217090239,0.0334565342797174,Residential,450,13,0.02968036529680365,spectral_appearance,0.9666666666666667,vit_small_patch16_224,0.0001344307270233196,vit_small_patch16_224-seed29,29,mild,0.9444444444444444,450
-0.015383188803990665,0.040375223954518674,0.02499203515052801,River,375,2,0.005649717514124294,spectral_appearance,0.9866666666666667,vit_small_patch16_224,5.925925925925927e-06,vit_small_patch16_224-seed29,29,mild,0.9466666666666667,375
-0.0020674057801564885,0.0051958250999451045,0.003128419319788616,SeaLake,450,0,0.0,spectral_appearance,0.9977777777777778,vit_small_patch16_224,0.0,vit_small_patch16_224-seed29,29,mild,0.9955555555555555,450
-0.009110979702737672,0.02619896921846607,0.0170879895157284,AnnualCrop,450,11,0.02546296296296296,spectral_appearance,0.9577777777777777,vit_small_patch16_224,0.00012235939643347052,vit_small_patch16_224-seed29,29,moderate,0.9511111111111111,450
0.010370492339134164,0.013157200415929219,0.023527692755063383,Forest,450,12,0.0273972602739726,spectral_appearance,0.9666666666666667,vit_small_patch16_224,4.279835390946503e-05,vit_small_patch16_224-seed29,29,moderate,0.9533333333333334,450
0.057659759985076095,0.021626176834106448,0.07928593681918254,HerbaceousVegetation,450,48,0.11241217798594848,spectral_appearance,0.8777777777777778,vit_small_patch16_224,0.0012680384087791496,vit_small_patch16_224-seed29,29,moderate,0.8511111111111112,450
0.021368103822072385,0.0208509629567464,0.04221906677881879,Highway,375,21,0.058333333333333334,spectral_appearance,0.9333333333333333,vit_small_patch16_224,0.001583539094650206,vit_small_patch16_224-seed29,29,moderate,0.912,375
0.03188631089528398,0.012235221147537263,0.044121532042821245,Industrial,375,26,0.07103825136612021,spectral_appearance,0.9146666666666666,vit_small_patch16_224,0.0009823868312757202,vit_small_patch16_224-seed29,29,moderate,0.9173333333333333,375
-0.000949533482392656,0.02620011607805891,0.025250582595666253,Pasture,300,7,0.024305555555555556,spectral_appearance,0.9633333333333334,vit_small_patch16_224,9.547325102880659e-05,vit_small_patch16_224-seed29,29,moderate,0.9366666666666666,300
0.09421338041623435,0.03931709710756935,0.1335304775238037,PermanentCrop,375,58,0.16666666666666666,spectral_appearance,0.8266666666666667,vit_small_patch16_224,0.0017599999999999998,vit_small_patch16_224-seed29,29,moderate,0.792,375
0.057742664549085713,0.012835795217090239,0.07057845976617595,Residential,450,36,0.0821917808219178,spectral_appearance,0.9044444444444445,vit_small_patch16_224,0.0037470507544581618,vit_small_patch16_224-seed29,29,moderate,0.8977777777777778,450
0.0013308722972869835,0.040375223954518674,0.04170609625180566,River,375,15,0.0423728813559322,spectral_appearance,0.944,vit_small_patch16_224,0.00024823045267489713,vit_small_patch16_224-seed29,29,moderate,0.92,375
-0.0027777544657390314,0.0051958250999451045,0.002418070634206073,SeaLake,450,0,0.0,spectral_appearance,0.9977777777777778,vit_small_patch16_224,1.0973936899862826e-06,vit_small_patch16_224-seed29,29,moderate,0.9955555555555555,450
0.0266972613334655,0.02619896921846607,0.05289623055193157,AnnualCrop,450,38,0.08796296296296297,spectral_appearance,0.9,vit_small_patch16_224,0.0015588477366255146,vit_small_patch16_224-seed29,29,severe,0.8911111111111111,450
0.058760449621412414,0.013157200415929219,0.07191765003734163,Forest,450,40,0.091324200913242,spectral_appearance,0.9,vit_small_patch16_224,0.0020559670781893006,vit_small_patch16_224-seed29,29,severe,0.8933333333333333,450
0.12287218365404337,0.021626176834106448,0.14449836048814982,HerbaceousVegetation,450,104,0.24355971896955503,spectral_appearance,0.7333333333333333,vit_small_patch16_224,0.01622331961591221,vit_small_patch16_224-seed29,29,severe,0.7355555555555555,450
0.10129211616516114,0.0208509629567464,0.12214307912190754,Highway,375,78,0.21666666666666667,spectral_appearance,0.776,vit_small_patch16_224,0.017181893004115226,vit_small_patch16_224-seed29,29,severe,0.7653333333333333,375
0.13242965364456172,0.012235221147537263,0.14466487479209897,Industrial,375,84,0.22950819672131148,spectral_appearance,0.76,vit_small_patch16_224,0.01422090534979424,vit_small_patch16_224-seed29,29,severe,0.7626666666666667,375
0.04952959716320036,0.02620011607805891,0.07572971324125927,Pasture,300,38,0.13194444444444445,spectral_appearance,0.8533333333333334,vit_small_patch16_224,0.002039506172839506,vit_small_patch16_224-seed29,29,severe,0.8366666666666667,300
0.20113264866669972,0.03931709710756935,0.24044974577426909,PermanentCrop,375,124,0.3563218390804598,spectral_appearance,0.6426666666666667,vit_small_patch16_224,0.016410864197530864,vit_small_patch16_224-seed29,29,severe,0.6133333333333333,375
0.11501148482163742,0.012835795217090239,0.12784728003872767,Residential,450,94,0.2146118721461187,spectral_appearance,0.7733333333333333,vit_small_patch16_224,0.025986282578875166,vit_small_patch16_224-seed29,29,severe,0.7688888888888888,450
0.06786037953694657,0.040375223954518674,0.10823560349146524,River,375,57,0.16101694915254236,spectral_appearance,0.816,vit_small_patch16_224,0.004890864197530865,vit_small_patch16_224-seed29,29,severe,0.8053333333333333,375
0.0014930656221177948,0.0051958250999451045,0.006688890722062899,SeaLake,450,1,0.0022371364653243847,spectral_appearance,0.9933333333333333,vit_small_patch16_224,8.395061728395063e-05,vit_small_patch16_224-seed29,29,severe,0.9955555555555555,450
-0.01523125721348662,0.02619896921846607,0.01096771200497945,AnnualCrop,450,3,0.006944444444444444,texture,0.98,vit_small_patch16_224,0.0,vit_small_patch16_224-seed29,29,mild,0.9644444444444444,450
0.0006494087643093005,0.013157200415929219,0.01380660918023852,Forest,450,2,0.0045662100456621,texture,0.9888888888888889,vit_small_patch16_224,0.0,vit_small_patch16_224-seed29,29,mild,0.9755555555555555,450
0.002433972424930965,0.021626176834106448,0.024060149259037412,HerbaceousVegetation,450,3,0.00702576112412178,texture,0.9866666666666667,vit_small_patch16_224,3.2921810699588475e-06,vit_small_patch16_224-seed29,29,mild,0.9488888888888889,450
-0.001076634009679115,0.0208509629567464,0.019774328947067286,Highway,375,1,0.002777777777777778,texture,0.984,vit_small_patch16_224,0.0,vit_small_patch16_224-seed29,29,mild,0.9706666666666667,375
-0.002614379564921044,0.012235221147537263,0.009620841582616219,Industrial,375,0,0.0,texture,0.9866666666666667,vit_small_patch16_224,0.0,vit_small_patch16_224-seed29,29,mild,0.9866666666666667,375
-0.005685000419616771,0.02620011607805891,0.020515115658442138,Pasture,300,0,0.0,texture,0.9866666666666667,vit_small_patch16_224,0.0,vit_small_patch16_224-seed29,29,mild,0.9666666666666667,300
-0.014023092349370353,0.03931709710756935,0.025294004758199,PermanentCrop,375,0,0.0,texture,0.9813333333333333,vit_small_patch16_224,0.0,vit_small_patch16_224-seed29,29,mild,0.9466666666666667,375
0.008727828794055405,0.012835795217090239,0.021563624011145643,Residential,450,0,0.0,texture,1.0,vit_small_patch16_224,0.0,vit_small_patch16_224-seed29,29,mild,0.9733333333333334,450
-0.006705187161763562,0.040375223954518674,0.03367003679275511,River,375,1,0.002824858757062147,texture,0.992,vit_small_patch16_224,0.0,vit_small_patch16_224-seed29,29,mild,0.9466666666666667,375
-0.00025501648585001674,0.0051958250999451045,0.004940808614095088,SeaLake,450,0,0.0,texture,1.0,vit_small_patch16_224,8.77914951989026e-06,vit_small_patch16_224-seed29,29,mild,0.9933333333333333,450
-0.005905192494392492,0.02619896921846607,0.02029377672407358,AnnualCrop,450,10,0.023148148148148147,texture,0.9555555555555556,vit_small_patch16_224,0.00014211248285322362,vit_small_patch16_224-seed29,29,moderate,0.9577777777777777,450
-0.006426383058230092,0.013157200415929219,0.006730817357699127,Forest,450,4,0.0091324200913242,texture,0.9733333333333334,vit_small_patch16_224,5.486968449931413e-06,vit_small_patch16_224-seed29,29,moderate,0.98,450
0.005583783917956879,0.021626176834106448,0.027209960752063327,HerbaceousVegetation,450,11,0.02576112412177986,texture,0.9488888888888889,vit_small_patch16_224,0.00031659807956104256,vit_small_patch16_224-seed29,29,moderate,0.9488888888888889,450
-4.236634572347617e-05,0.0208509629567464,0.020808596611022925,Highway,375,7,0.019444444444444445,texture,0.9546666666666667,vit_small_patch16_224,0.0003733333333333333,vit_small_patch16_224-seed29,29,moderate,0.9653333333333334,375
0.00013838879267373191,0.012235221147537263,0.012373609940210995,Industrial,375,1,0.00273224043715847,texture,0.9786666666666667,vit_small_patch16_224,6.847736625514404e-05,vit_small_patch16_224-seed29,29,moderate,0.992,375
-0.004218963682651629,0.02620011607805891,0.02198115239540728,Pasture,300,3,0.010416666666666666,texture,0.97,vit_small_patch16_224,1.8106995884773663e-05,vit_small_patch16_224-seed29,29,moderate,0.96,300
-0.023217018842697043,0.03931709710756935,0.01610007826487231,PermanentCrop,375,2,0.005747126436781609,texture,0.9493333333333334,vit_small_patch16_224,4.806584362139918e-05,vit_small_patch16_224-seed29,29,moderate,0.9653333333333334,375
-0.002944182753563023,0.012835795217090239,0.009891612463527216,Residential,450,0,0.0,texture,0.9911111111111112,vit_small_patch16_224,0.0,vit_small_patch16_224-seed29,29,moderate,0.9822222222222222,450
-0.007843927383422877,0.040375223954518674,0.0325312965710958,River,375,17,0.0480225988700565,texture,0.9413333333333334,vit_small_patch16_224,0.0002877366255144033,vit_small_patch16_224-seed29,29,moderate,0.9093333333333333,375
0.011968705323007409,0.0051958250999451045,0.017164530422952514,SeaLake,450,6,0.013422818791946308,texture,0.9822222222222222,vit_small_patch16_224,0.000539917695473251,vit_small_patch16_224-seed29,29,moderate,0.9822222222222222,450
0.005131256712807491,0.02619896921846607,0.03133022593127356,AnnualCrop,450,23,0.05324074074074074,texture,0.9244444444444444,vit_small_patch16_224,0.001499588477366255,vit_small_patch16_224-seed29,29,severe,0.9288888888888889,450
0.00727614614698615,0.013157200415929219,0.02043334656291537,Forest,450,13,0.02968036529680365,texture,0.9488888888888889,vit_small_patch16_224,0.00014924554183813444,vit_small_patch16_224-seed29,29,severe,0.9644444444444444,450
0.003372919824388247,0.021626176834106448,0.024999096658494695,HerbaceousVegetation,450,24,0.05620608899297424,texture,0.9066666666666666,vit_small_patch16_224,0.0022117969821673525,vit_small_patch16_224-seed29,29,severe,0.9311111111111111,450
0.014529312531153398,0.0208509629567464,0.0353802754878998,Highway,375,21,0.058333333333333334,texture,0.912,vit_small_patch16_224,0.002791111111111111,vit_small_patch16_224-seed29,29,severe,0.9333333333333333,375
-0.0006847089926401619,0.012235221147537263,0.011550512154897101,Industrial,375,0,0.0,texture,0.9786666666666667,vit_small_patch16_224,0.00024032921810699593,vit_small_patch16_224-seed29,29,severe,0.9973333333333333,375
-0.00759018113215764,0.02620011607805891,0.01860993494590127,Pasture,300,5,0.017361111111111112,texture,0.9533333333333334,vit_small_patch16_224,0.00016790123456790124,vit_small_patch16_224-seed29,29,severe,0.9666666666666667,300
-0.023223776817321743,0.03931709710756935,0.01609332029024761,PermanentCrop,375,8,0.022988505747126436,texture,0.9173333333333333,vit_small_patch16_224,0.00043456790123456795,vit_small_patch16_224-seed29,29,severe,0.9626666666666667,375
0.0003004701932270721,0.012835795217090239,0.01313626541031731,Residential,450,0,0.0,texture,0.9844444444444445,vit_small_patch16_224,2.7434842249657064e-05,vit_small_patch16_224-seed29,29,severe,0.9888888888888889,450
0.048560776789983065,0.040375223954518674,0.08893600074450174,River,375,71,0.20056497175141244,texture,0.7893333333333333,vit_small_patch16_224,0.0040559670781893,vit_small_patch16_224-seed29,29,severe,0.768,375
0.009903103576766149,0.0051958250999451045,0.015098928676711252,SeaLake,450,9,0.020134228187919462,texture,0.9755555555555555,vit_small_patch16_224,0.0019056241426611796,vit_small_patch16_224-seed29,29,severe,0.9755555555555555,450
-0.011345916390419021,0.016562001506487487,0.005216085116068466,AnnualCrop,450,0,0.0,resolution,0.9844444444444445,vit_small_patch16_224,0.0,vit_small_patch16_224-seed43,43,mild,0.9977777777777778,450
0.013923630780643868,0.01311671071582373,0.0270403414964676,Forest,450,21,0.0472972972972973,resolution,0.9511111111111111,vit_small_patch16_224,4.38957475994513e-06,vit_small_patch16_224-seed43,43,mild,0.94,450
0.008457398282157073,0.028578668634096784,0.03703606691625386,HerbaceousVegetation,450,27,0.06506024096385542,resolution,0.92,vit_small_patch16_224,5.0480109739369e-05,vit_small_patch16_224-seed43,43,mild,0.8755555555555555,450
0.006747410774230911,0.019834682782491092,0.026582093556722003,Highway,375,2,0.00558659217877095,resolution,0.9813333333333333,vit_small_patch16_224,5.267489711934157e-06,vit_small_patch16_224-seed43,43,mild,0.9573333333333334,375
0.002040896256764714,0.03270995664596554,0.03475085290273026,Industrial,375,13,0.03857566765578635,resolution,0.904,vit_small_patch16_224,4.3456790123456786e-05,vit_small_patch16_224-seed43,43,mild,0.912,375
0.01880757669607802,0.03817536175250998,0.056982938448588004,Pasture,300,15,0.05263157894736842,resolution,0.9466666666666667,vit_small_patch16_224,1.646090534979424e-06,vit_small_patch16_224-seed43,43,mild,0.9,300
0.023584207852681425,0.028003523985544888,0.05158773183822631,PermanentCrop,375,32,0.0893854748603352,resolution,0.9146666666666666,vit_small_patch16_224,3.68724279835391e-05,vit_small_patch16_224-seed43,43,mild,0.8693333333333333,375
0.02593983994589914,0.00610588404867381,0.03204572399457295,Residential,450,17,0.03777777777777778,resolution,0.9622222222222222,vit_small_patch16_224,0.000302880658436214,vit_small_patch16_224-seed43,43,mild,0.9622222222222222,450
0.01489115214347837,0.028386681556701657,0.04327783370018003,River,375,10,0.028328611898016998,resolution,0.9626666666666667,vit_small_patch16_224,7.901234567901235e-06,vit_small_patch16_224-seed43,43,mild,0.9173333333333333,375
-0.002154067953427664,0.011636046899689525,0.00948197894626186,SeaLake,450,1,0.0022624434389140274,resolution,0.9888888888888889,vit_small_patch16_224,0.0,vit_small_patch16_224-seed43,43,mild,0.9866666666666667,450
-0.007635356518957309,0.016562001506487487,0.008926644987530178,AnnualCrop,450,3,0.006787330316742082,resolution,0.9777777777777777,vit_small_patch16_224,5.3772290809327844e-05,vit_small_patch16_224-seed43,43,moderate,0.9911111111111112,450
0.13411949217319483,0.01311671071582373,0.14723620288901856,Forest,450,122,0.2747747747747748,resolution,0.7266666666666667,vit_small_patch16_224,0.001072153635116598,vit_small_patch16_224-seed43,43,moderate,0.7155555555555555,450
0.055771904521518305,0.028578668634096784,0.08435057315561509,HerbaceousVegetation,450,61,0.14698795180722893,resolution,0.8177777777777778,vit_small_patch16_224,0.0017706447187928673,vit_small_patch16_224-seed43,43,moderate,0.8044444444444444,450
0.012823832035064722,0.019834682782491092,0.032658514817555814,Highway,375,18,0.05027932960893855,resolution,0.936,vit_small_patch16_224,0.000708477366255144,vit_small_patch16_224-seed43,43,moderate,0.912,375
0.0323942209084829,0.03270995664596554,0.06510417755444844,Industrial,375,40,0.11869436201780416,resolution,0.8186666666666667,vit_small_patch16_224,0.003619423868312758,vit_small_patch16_224-seed43,43,moderate,0.8213333333333334,375
0.05382002929846456,0.03817536175250998,0.09199539105097454,Pasture,300,61,0.21403508771929824,resolution,0.7766666666666666,vit_small_patch16_224,0.0007234567901234568,vit_small_patch16_224-seed43,43,moderate,0.7533333333333333,300
0.20680025959014886,0.028003523985544888,0.23480378357569376,PermanentCrop,375,134,0.3743016759776536,resolution,0.64,vit_small_patch16_224,0.0034877366255144037,vit_small_patch16_224-seed43,43,moderate,0.5973333333333334,375
0.5115937199195225,0.00610588404867381,0.5176996039681964,Residential,450,364,0.8088888888888889,resolution,0.19111111111111112,vit_small_patch16_224,0.05267764060356653,vit_small_patch16_224-seed43,43,moderate,0.19111111111111112,450
0.03575303061803187,0.028386681556701657,0.06413971217473352,River,375,28,0.07932011331444759,resolution,0.904,vit_small_patch16_224,0.00019094650205761317,vit_small_patch16_224-seed43,43,moderate,0.8666666666666667,375
-0.0032231658034853894,0.011636046899689525,0.008412881096204135,SeaLake,450,0,0.0,resolution,0.9866666666666667,vit_small_patch16_224,2.469135802469136e-05,vit_small_patch16_224-seed43,43,moderate,0.9933333333333333,450
0.02020533767011438,0.016562001506487487,0.03676733917660187,AnnualCrop,450,28,0.06334841628959276,resolution,0.9244444444444444,vit_small_patch16_224,0.0013574759945130315,vit_small_patch16_224-seed43,43,severe,0.9333333333333333,450
0.9076832824283176,0.01311671071582373,0.9207999931441414,Forest,450,432,0.972972972972973,resolution,0.03333333333333333,vit_small_patch16_224,0.039252126200274344,vit_small_patch16_224-seed43,43,severe,0.02666666666666667,450
0.5243071038855447,0.028578668634096784,0.5528857725196414,HerbaceousVegetation,450,285,0.6867469879518072,resolution,0.2911111111111111,vit_small_patch16_224,0.06964444444444445,vit_small_patch16_224-seed43,43,severe,0.28888888888888886,450
0.3660291986465454,0.019834682782491092,0.38586388142903644,Highway,375,229,0.6396648044692738,resolution,0.35733333333333334,vit_small_patch16_224,0.059575308641975314,vit_small_patch16_224-seed43,43,severe,0.344,375
0.2947805554072062,0.03270995664596554,0.32749051205317176,Industrial,375,221,0.655786350148368,resolution,0.31466666666666665,vit_small_patch16_224,0.12285497942386829,vit_small_patch16_224-seed43,43,severe,0.30933333333333335,375
0.7179033265511195,0.03817536175250998,0.7560786883036296,Pasture,300,267,0.9368421052631579,resolution,0.07333333333333333,vit_small_patch16_224,0.05293827160493827,vit_small_patch16_224-seed43,43,severe,0.06,300
0.8656263043880463,0.028003523985544888,0.8936298283735912,PermanentCrop,375,358,1.0,resolution,0.016,vit_small_patch16_224,0.13316345679012345,vit_small_patch16_224-seed43,43,severe,0.0,375
0.7532663793034023,0.00610588404867381,0.7593722633520762,Residential,450,450,1.0,resolution,0.0,vit_small_patch16_224,0.43641920438957477,vit_small_patch16_224-seed43,43,severe,0.0,450
0.3027872395515442,0.028386681556701657,0.33117392110824584,River,375,171,0.48441926345609065,resolution,0.49866666666666665,vit_small_patch16_224,0.016053333333333336,vit_small_patch16_224-seed43,43,severe,0.49066666666666664,375
-0.008201476534207604,0.011636046899689525,0.0034345703654819195,SeaLake,450,2,0.004524886877828055,resolution,0.9777777777777777,vit_small_patch16_224,0.00024801097393689983,vit_small_patch16_224-seed43,43,severe,0.9955555555555555,450
-0.00018285115559889265,0.016562001506487487,0.016379150350888595,AnnualCrop,450,3,0.006787330316742082,spectral_appearance,0.9933333333333333,vit_small_patch16_224,0.0,vit_small_patch16_224-seed43,43,mild,0.9755555555555555,450
-0.0002786803245544596,0.01311671071582373,0.01283803039126927,Forest,450,0,0.0,spectral_appearance,0.9977777777777778,vit_small_patch16_224,0.0,vit_small_patch16_224-seed43,43,mild,0.9888888888888889,450
0.009153509471151601,0.028578668634096784,0.037732178105248385,HerbaceousVegetation,450,7,0.016867469879518072,spectral_appearance,0.9733333333333334,vit_small_patch16_224,2.194787379972565e-06,vit_small_patch16_224-seed43,43,mild,0.9155555555555556,450
-0.007815034548441607,0.019834682782491092,0.012019648234049485,Highway,375,3,0.008379888268156424,spectral_appearance,0.9866666666666667,vit_small_patch16_224,6.584362139917696e-07,vit_small_patch16_224-seed43,43,mild,0.9493333333333334,375
0.02034823894500736,0.03270995664596554,0.053058195590972905,Industrial,375,10,0.02967359050445104,spectral_appearance,0.9653333333333334,vit_small_patch16_224,0.0,vit_small_patch16_224-seed43,43,mild,0.8773333333333333,375
0.0006468881169956128,0.03817536175250998,0.038822249869505596,Pasture,300,0,0.0,spectral_appearance,0.9866666666666667,vit_small_patch16_224,0.0,vit_small_patch16_224-seed43,43,mild,0.9633333333333334,300
-0.00719910947481801,0.028003523985544888,0.020804414510726878,PermanentCrop,375,9,0.025139664804469275,spectral_appearance,0.968,vit_small_patch16_224,1.9753086419753087e-06,vit_small_patch16_224-seed43,43,mild,0.9386666666666666,375
-8.34405422209944e-05,0.00610588404867381,0.006022443506452816,Residential,450,0,0.0,spectral_appearance,1.0,vit_small_patch16_224,0.0,vit_small_patch16_224-seed43,43,mild,1.0,450
-0.0020939691861470364,0.028386681556701657,0.02629271237055462,River,375,2,0.0056657223796034,spectral_appearance,0.984,vit_small_patch16_224,0.0,vit_small_patch16_224-seed43,43,mild,0.9386666666666666,375
-0.001920511921246799,0.011636046899689525,0.009715534978442726,SeaLake,450,3,0.006787330316742082,spectral_appearance,0.9911111111111112,vit_small_patch16_224,0.0,vit_small_patch16_224-seed43,43,mild,0.9777777777777777,450
-0.00238650653097364,0.016562001506487487,0.014175494975513847,AnnualCrop,450,4,0.00904977375565611,spectral_appearance,0.9911111111111112,vit_small_patch16_224,1.755829903978052e-05,vit_small_patch16_224-seed43,43,moderate,0.9733333333333334,450
0.004914730191230773,0.01311671071582373,0.018031440907054504,Forest,450,2,0.0045045045045045045,spectral_appearance,0.9888888888888889,vit_small_patch16_224,0.0,vit_small_patch16_224-seed43,43,moderate,0.9866666666666667,450
0.016490884224573746,0.028578668634096784,0.04506955285867053,HerbaceousVegetation,450,20,0.04819277108433735,spectral_appearance,0.9377777777777778,vit_small_patch16_224,0.0001635116598079561,vit_small_patch16_224-seed43,43,moderate,0.8933333333333333,450
0.013344675938288343,0.019834682782491092,0.033179358720779435,Highway,375,17,0.04748603351955307,spectral_appearance,0.9493333333333334,vit_small_patch16_224,0.00015275720164609053,vit_small_patch16_224-seed43,43,moderate,0.912,375
0.021101436853408845,0.03270995664596554,0.05381139349937439,Industrial,375,17,0.050445103857566766,spectral_appearance,0.9386666666666666,vit_small_patch16_224,0.00015736625514403292,vit_small_patch16_224-seed43,43,moderate,0.8666666666666667,375
0.003215707341829986,0.03817536175250998,0.04139106909433997,Pasture,300,4,0.014035087719298246,spectral_appearance,0.97,vit_small_patch16_224,3.292181069958848e-06,vit_small_patch16_224-seed43,43,moderate,0.95,300
0.011485957463582306,0.028003523985544888,0.039489481449127194,PermanentCrop,375,19,0.05307262569832402,spectral_appearance,0.936,vit_small_patch16_224,0.00021399176954732508,vit_small_patch16_224-seed43,43,moderate,0.9173333333333333,375
0.0008402456177605796,0.00610588404867381,0.00694612966643439,Residential,450,2,0.0044444444444444444,spectral_appearance,0.9955555555555555,vit_small_patch16_224,3.0178326474622772e-05,vit_small_patch16_224-seed43,43,moderate,0.9955555555555555,450
0.0036474860509237046,0.028386681556701657,0.03203416760762536,River,375,4,0.0113314447592068,spectral_appearance,0.9733333333333334,vit_small_patch16_224,7.242798353909465e-06,vit_small_patch16_224-seed43,43,moderate,0.936,375
0.0015229440397686901,0.011636046899689525,0.013158990939458215,SeaLake,450,3,0.006787330316742082,spectral_appearance,0.9888888888888889,vit_small_patch16_224,4.938271604938272e-06,vit_small_patch16_224-seed43,43,moderate,0.98,450
-0.00399017247888773,0.016562001506487487,0.012571829027599757,AnnualCrop,450,10,0.02262443438914027,spectral_appearance,0.9711111111111111,vit_small_patch16_224,0.0004482853223593964,vit_small_patch16_224-seed43,43,severe,0.9666666666666667,450
0.00013126518991251647,0.01311671071582373,0.013247975905736247,Forest,450,12,0.02702702702702703,spectral_appearance,0.9622222222222222,vit_small_patch16_224,9.602194787379972e-05,vit_small_patch16_224-seed43,43,severe,0.9688888888888889,450
0.03226791818936663,0.028578668634096784,0.06084658682346342,HerbaceousVegetation,450,74,0.1783132530120482,spectral_appearance,0.8022222222222222,vit_small_patch16_224,0.003242798353909465,vit_small_patch16_224-seed43,43,severe,0.7755555555555556,450
0.07921569156646725,0.019834682782491092,0.09905037434895834,Highway,375,67,0.1871508379888268,spectral_appearance,0.8053333333333333,vit_small_patch16_224,0.0030637037037037035,vit_small_patch16_224-seed43,43,severe,0.7866666666666666,375
0.08569750094413758,0.03270995664596554,0.11840745759010313,Industrial,375,58,0.17210682492581603,spectral_appearance,0.8133333333333334,vit_small_patch16_224,0.004555720164609054,vit_small_patch16_224-seed43,43,severe,0.76,375
0.008565624157587805,0.03817536175250998,0.04674098591009779,Pasture,300,24,0.08421052631578947,spectral_appearance,0.9,vit_small_patch16_224,0.0008041152263374486,vit_small_patch16_224-seed43,43,severe,0.8833333333333333,300
0.06779920609792069,0.028003523985544888,0.09580273008346557,PermanentCrop,375,58,0.16201117318435754,spectral_appearance,0.8346666666666667,vit_small_patch16_224,0.0036102057613168724,vit_small_patch16_224-seed43,43,severe,0.808,375
0.00403126021226248,0.00610588404867381,0.01013714426093629,Residential,450,6,0.013333333333333334,spectral_appearance,0.9866666666666667,vit_small_patch16_224,0.0008395061728395061,vit_small_patch16_224-seed43,43,severe,0.9866666666666667,450
0.021708323081334354,0.028386681556701657,0.05009500463803601,River,375,24,0.0679886685552408,spectral_appearance,0.9093333333333333,vit_small_patch16_224,0.0006419753086419753,vit_small_patch16_224-seed43,43,severe,0.8906666666666667,375
-0.0010250685612359766,0.011636046899689525,0.010610978338453548,SeaLake,450,6,0.013574660633484163,spectral_appearance,0.9822222222222222,vit_small_patch16_224,7.681755829903978e-05,vit_small_patch16_224-seed43,43,severe,0.9733333333333334,450
-0.0024559000465605024,0.016562001506487487,0.014106101459926985,AnnualCrop,450,2,0.004524886877828055,texture,0.9933333333333333,vit_small_patch16_224,3.840877914951989e-06,vit_small_patch16_224-seed43,43,mild,0.98,450
-0.001939055257373366,0.01311671071582373,0.011177655458450364,Forest,450,0,0.0,texture,0.9933333333333333,vit_small_patch16_224,0.0,vit_small_patch16_224-seed43,43,mild,0.9911111111111112,450
0.010474791129430117,0.028578668634096784,0.0390534597635269,HerbaceousVegetation,450,3,0.007228915662650603,texture,0.9844444444444445,vit_small_patch16_224,0.0,vit_small_patch16_224-seed43,43,mild,0.9244444444444444,450
-0.0018499580224356077,0.019834682782491092,0.017984724760055484,Highway,375,1,0.002793296089385475,texture,0.992,vit_small_patch16_224,0.0,vit_small_patch16_224-seed43,43,mild,0.9573333333333334,375
0.0013978383541108086,0.03270995664596554,0.03410779500007635,Industrial,375,0,0.0,texture,0.9786666666666667,vit_small_patch16_224,0.0,vit_small_patch16_224-seed43,43,mild,0.9173333333333333,375
-0.010820440351963008,0.03817536175250998,0.027354921400546975,Pasture,300,1,0.0035087719298245615,texture,0.99,vit_small_patch16_224,0.0,vit_small_patch16_224-seed43,43,mild,0.95,300
-0.00013112266858415766,0.028003523985544888,0.02787240131696073,PermanentCrop,375,2,0.00558659217877095,texture,0.984,vit_small_patch16_224,0.0,vit_small_patch16_224-seed43,43,mild,0.96,375
-0.0010985945330725371,0.00610588404867381,0.005007289515601273,Residential,450,1,0.0022222222222222222,texture,0.9977777777777778,vit_small_patch16_224,0.0,vit_small_patch16_224-seed43,43,mild,0.9977777777777778,450
-0.008024805863698376,0.028386681556701657,0.02036187569300328,River,375,0,0.0,texture,0.992,vit_small_patch16_224,6.584362139917696e-07,vit_small_patch16_224-seed43,43,mild,0.9466666666666667,375
-0.0023120817210938015,0.011636046899689525,0.009323965178595723,SeaLake,450,1,0.0022624434389140274,texture,0.9911111111111112,vit_small_patch16_224,8.23045267489712e-06,vit_small_patch16_224-seed43,43,mild,0.9866666666666667,450
0.003612350953949829,0.016562001506487487,0.020174352460437316,AnnualCrop,450,14,0.03167420814479638,texture,0.9644444444444444,vit_small_patch16_224,0.00017338820301783268,vit_small_patch16_224-seed43,43,moderate,0.9555555555555556,450
-0.0017668226030137582,0.01311671071582373,0.011349888112809972,Forest,450,0,0.0,texture,0.9888888888888889,vit_small_patch16_224,0.0,vit_small_patch16_224-seed43,43,moderate,0.9955555555555555,450
-0.004245766003926628,0.028578668634096784,0.024332902630170156,HerbaceousVegetation,450,8,0.01927710843373494,texture,0.9488888888888889,vit_small_patch16_224,0.00024307270233196162,vit_small_patch16_224-seed43,43,moderate,0.9377777777777778,450
-0.010879100243250499,0.019834682782491092,0.008955582539240593,Highway,375,9,0.025139664804469275,texture,0.96,vit_small_patch16_224,7.176954732510288e-05,vit_small_patch16_224-seed43,43,moderate,0.944,375
-0.00019702585538230316,0.03270995664596554,0.03251293079058324,Industrial,375,13,0.03857566765578635,texture,0.928,vit_small_patch16_224,5.267489711934156e-05,vit_small_patch16_224-seed43,43,moderate,0.8933333333333333,375
-0.008508749604225024,0.03817536175250998,0.02966661214828496,Pasture,300,0,0.0,texture,0.99,vit_small_patch16_224,5.761316872427983e-06,vit_small_patch16_224-seed43,43,moderate,0.9566666666666667,300
-0.005668843348821059,0.028003523985544888,0.02233468063672383,PermanentCrop,375,4,0.0111731843575419,texture,0.9626666666666667,vit_small_patch16_224,2.436213991769547e-05,vit_small_patch16_224-seed43,43,moderate,0.968,375
-0.003393856419457283,0.00610588404867381,0.0027120276292165275,Residential,450,0,0.0,texture,1.0,vit_small_patch16_224,0.0,vit_small_patch16_224-seed43,43,moderate,1.0,450
-0.01311939605077107,0.028386681556701657,0.015267285505930588,River,375,8,0.0226628895184136,texture,0.9573333333333334,vit_small_patch16_224,0.0006367078189300412,vit_small_patch16_224-seed43,43,moderate,0.9306666666666666,375
0.006012267602814557,0.011636046899689525,0.017648314502504082,SeaLake,450,5,0.011312217194570135,texture,0.98,vit_small_patch16_224,0.0004724279835390946,vit_small_patch16_224-seed43,43,moderate,0.98,450
0.01608402828375508,0.016562001506487487,0.032646029790242566,AnnualCrop,450,30,0.06787330316742081,texture,0.9288888888888889,vit_small_patch16_224,0.001079835390946502,vit_small_patch16_224-seed43,43,severe,0.92,450
-0.0036931051148308795,0.01311671071582373,0.00942360560099285,Forest,450,0,0.0,texture,0.9866666666666667,vit_small_patch16_224,2.0850480109739368e-05,vit_small_patch16_224-seed43,43,severe,1.0,450
-0.001217364271481787,0.028578668634096784,0.027361304362614997,HerbaceousVegetation,450,28,0.06746987951807229,texture,0.8911111111111111,vit_small_patch16_224,0.002488888888888889,vit_small_patch16_224-seed43,43,severe,0.9,450
0.015284864624341303,0.019834682782491092,0.035119547406832395,Highway,375,35,0.09776536312849161,texture,0.8826666666666667,vit_small_patch16_224,0.0011957201646090535,vit_small_patch16_224-seed43,43,severe,0.872,375
0.00791835840543112,0.03270995664596554,0.04062831505139666,Industrial,375,25,0.07418397626112759,texture,0.8906666666666667,vit_small_patch16_224,0.0005076543209876543,vit_small_patch16_224-seed43,43,severe,0.8613333333333333,375
-0.013717567423979324,0.03817536175250998,0.02445779432853066,Pasture,300,1,0.0035087719298245615,texture,0.9766666666666667,vit_small_patch16_224,8.559670781893005e-05,vit_small_patch16_224-seed43,43,severe,0.9566666666666667,300
-0.00031854089101157265,0.028003523985544888,0.027684983094533315,PermanentCrop,375,6,0.01675977653631285,texture,0.9546666666666667,vit_small_patch16_224,0.0002574485596707819,vit_small_patch16_224-seed43,43,severe,0.9653333333333334,375
-0.004585600561565781,0.00610588404867381,0.0015202834871080291,Residential,450,0,0.0,texture,1.0,vit_small_patch16_224,7.133058984910836e-06,vit_small_patch16_224-seed43,43,severe,1.0,450
0.047281099160512305,0.028386681556701657,0.07566778071721396,River,375,57,0.16147308781869688,texture,0.8133333333333334,vit_small_patch16_224,0.006162962962962962,vit_small_patch16_224-seed43,43,severe,0.8,375
0.007050235403908613,0.011636046899689525,0.018686282303598138,SeaLake,450,16,0.03619909502262444,texture,0.9511111111111111,vit_small_patch16_224,0.0019347050754458166,vit_small_patch16_224-seed43,43,severe,0.96,450
